latlon,planning_area_id
52.5117497_13.3821185,1100205
52.5353154_13.399298326674506,1100416
52.532131_13.404899890866746,1100416
52.5123463_13.4055478,1100312
52.5145727_13.3881437,1100206
52.5154125_13.379618031158628,1100205
52.5251897_13.3872109,1100308
52.52937455_13.39162961909171,1100415
52.5311528_13.3752043,1100308
52.5149252_13.423468627169726,1100311
52.5118678_13.3968064,1100207
52.5281417_13.399199032030436,1100309
52.525947_13.4087867,1100310
52.5236814_13.421097,1100311
52.510281_13.397725888685963,1100207
52.53881825_13.4041462,1100416
52.5276691_13.4070912,1100309
52.5088615_13.4187863,1100313
52.5074957_13.410391,1100312
52.5077449_13.4104484,1100312
52.5326648_13.4018243,1100416
52.5205209_13.4267854,1100311
52.5345394_13.4058714,1100416
52.5333749_13.3967014,1100415
52.535387_13.4050773,1100416
52.52515335_13.399706613593082,1100309
52.5118268_13.3872975,1100207
52.53152245_13.374616833153253,1100308
52.5301162_13.3873514,1100415
52.5368696_13.403423,1100416
52.53685275_13.40511212368608,1100416
52.5340512_13.3961737,1100415
52.524869_13.3962336,1100309
52.5348982_13.3967912,1100415
52.53635575_13.400019722527492,1100416
52.5113427_13.3800518,1100205
52.533757_13.4061799,1100416
52.5252522_13.398356325237522,1100309
52.509943_13.394387465566156,1100207
52.5268215_13.3900449,1100309
52.5353404_13.3981832,1100416
52.5226714_13.3807663,1100308
52.529344_13.3998572,1100309
52.51329725_13.387391316441448,1100206
52.5345738_13.3984449,1100416
52.5356356_13.4003273,1100416
52.5055906_13.422653123581425,1100313
52.528696_13.3904099,1100415
52.5217277_13.401912,1100310
52.5125435_13.3836571,1100205
52.5092253_13.424421131751824,1100313
52.53141965_13.388788055749256,1100415
52.51366635_13.38259262405118,1100205
52.5236126_13.391335,1100309
52.5378234_13.3996798,1100416
52.5356426_13.3782694,1100414
52.5339984_13.401018969940292,1100416
52.5105497_13.4246512,1100313
52.5299984_13.3976003,1100415
52.5269043_13.4049809,1100309
52.5237456_13.3749486,1100308
52.52308755_13.390197631213477,1100309
52.5118842_13.3881935,1100207
52.5252482_13.4157307,1100310
52.5199581_13.4189273,1100311
52.5130753_13.3817536,1100205
52.5296516_13.3951868,1100415
52.5295538_13.3809426,1100308
52.5377697_13.3733503,1100308
52.5064999_13.4082649,1100312
52.5260461_13.4101806,1100310
52.5139856_13.3949993,1100206
52.5105648_13.380964241396857,1100205
52.5359575_13.367572950691953,1100308
52.5094324_13.4188859,1100313
52.5148954_13.3847786,1100206
52.5319746_13.3398782,1200520
52.520978_13.3510394,1200626
52.529609_13.334524009227742,1200519
52.53269395_13.34652615914986,1200623
52.5175281_13.3402932,1200629
52.5250301_13.34981961573975,1200626
52.5307571_13.3460867,1200625
52.5013618_13.3611991,1100103
52.5285747_13.354702292069298,1200623
52.52599755_13.335989345431994,1200521
52.53177839999999_13.326201207665864,1200518
52.522316_13.330293830027294,1200522
52.5217925_13.3433762011076,1200629
52.5189564_13.3559171,1200628
52.527144_13.3495729,1200625
52.5026726_13.3614507,1100103
52.52346085_13.354500054874965,1200626
52.5031196_13.3629927,1100103
52.526849_13.3322956,1200521
52.52168245_13.335637309274183,1200522
52.521153_13.3751759,1100102
52.5351854_13.3515648,1200623
52.5349172_13.3585958,1200624
52.5342628_13.3496512,1200623
52.5276777_13.3516191,1200625
52.531918_13.3267507,1200518
52.5218443_13.338127002452026,1200522
52.5275493_13.3430509,1200520
52.5207847_13.356853,1200628
52.529973_13.3314796,1200519
52.5217371_13.351301,1200626
52.5272998_13.3514102,1200625
52.5285385_13.3455021,1200625
52.5348621_13.3486962,1200623
52.5323497_13.3347329,1200519
52.5286718_13.3185903,1200517
52.50445015_13.355246725096585,1100103
52.52041855_13.357688300465057,1200628
52.5295199_13.315425,1200517
52.5302075_13.3447714,1200625
52.5078772_13.3443759,1100101
52.5036685_13.3692782,1100104
52.52985625_13.333752493571874,1200519
52.52240885_13.360715604743186,1200628
52.5305532_13.3310892,1200519
52.5325842_13.3409226,1200520
52.52457675_13.337619813880607,1200522
52.5191095_13.3366464,1200522
52.5050578_13.354031055280494,1100103
52.5326722_13.3323498,1200519
52.5315606_13.3318778,1200519
52.5155299_13.335315895364111,1200629
52.5019992_13.3694003,1100104
52.5313702_13.349785,1200623
52.5215189_13.33562008595617,1200522
52.523483_13.33373507811344,1200522
52.5278776_13.3333668,1200519
52.5248009_13.3346053,1200521
52.5309647_13.3478335,1200623
52.523205950000005_13.354256275566865,1200626
52.528625_13.3188446,1200517
52.5246505_13.3465889,1200626
52.5246646_13.3338438,1200521
52.5306898_13.331123,1200519
52.5219031_13.3341186,1200522
52.525313_13.341483590959507,1200522
52.5256683_13.3197157,1200517
52.522374850000006_13.336229699531271,1200522
52.5264908_13.3262262,1200518
52.5334356_13.3473085,1200623
52.52352045_13.36924113494993,1200628
52.5045946_13.3569345,1100103
52.5232179_13.334627799649628,1200522
52.5337376_13.34914813391594,1200623
52.5203327_13.355486,1200626
52.5321869_13.3267398,1200518
52.531362400000006_13.329619445581168,1200519
52.5297496_13.3448171,1200625
52.5318182_13.3681795,1200624
52.532992_13.3604157,1200624
52.533928_13.365822,1200624
52.5304971_13.3288269,1200519
52.5313064_13.3659275,1200624
52.52317485_13.331994697924756,1200522
52.5373198_13.387335,1300835
52.544981_13.3470742,1400942
52.5472277_13.3929346,1300834
52.5559822_13.349066463142693,1400940
52.559713_13.3292215,1400937
52.545109_13.39893343514406,1300834
52.5529095_13.371648434679996,1401044
52.5472843_13.3689638,1401043
52.54154935_13.371096320117102,1300836
52.557651_13.3732107,1300730
52.5665591_13.389024841509434,1300731
52.5407358_13.388975947508246,1300835
52.55274765_13.371428782663468,1401044
52.5407901_13.360264106315778,1401047
52.55879285_13.391586210855714,1300732
52.5507763_13.344275,1400938
52.5470744_13.3743752,1300836
52.5391063_13.3970322,1300834
52.5582258_13.3800162,1300730
52.55918_13.3441936,1400941
52.5474538_13.3618243,1401043
52.5489122_13.342032,1400938
52.5554342_13.3937532,1300732
52.553957350000005_13.388293691367664,1300733
52.5551872_13.33489905,1400937
52.5477357_13.358958295974492,1401048
52.5487791_13.3496104,1400942
52.5583958_13.3877835,1300732
52.5416788_13.3549514,1401046
52.5373806_13.3836596,1300835
52.5508076_13.3642742,1401049
52.5543368_13.3656993,1401049
52.5504927_13.3806914,1300836
52.5541544_13.3918215,1300733
52.5414435_13.3538145,1401046
52.5397193_13.350371,1401046
52.5560364_13.343609025293972,1400939
52.5517689_13.386439,1300733
52.5539143_13.3484362,1400939
52.5465621_13.3476372,1400942
52.5513301_13.3572429,1401048
52.5424176_13.3593597,1401047
52.5423045_13.3593874,1401047
52.5493377_13.347099,1400938
52.5548817_13.3493473,1400939
52.5487826_13.3717806,1401044
52.5421638_13.359589,1401047
52.5514996_13.3574937,1401048
52.5484727_13.3727945,1401044
52.5539469_13.3356858,1400937
52.5420422_13.3672502,1300836
52.5549669_13.3762026,1401045
52.5518629_13.361499,1401048
52.5420224_13.3597173,1401047
52.5525522_13.3849693,1300733
52.5403396_13.3958587,1300834
52.5601346_13.386247441106407,1300731
52.5542882_13.3723278,1401044
52.5476728_13.394347,1300834
52.5535614_13.3653879,1401049
52.5593605_13.3843115,1300731
52.5562542_13.3474717,1400939
52.5544151_13.358626994071264,1400940
52.5522891_13.3871449,1300733
52.5556045_13.3927116,1300732
52.5396501_13.37511388547968,1300836
52.5519857_13.3569149,1401048
52.550546_13.3555959,1401048
52.5512682_13.3890783,1300733
52.5501413_13.3603336,1401048
52.5502306_13.3606633,1401048
52.5478733_13.3650094,1401043
52.5476546_13.3937233,1300834
52.5600788_13.3766676,1300730
52.55536945_13.316120199000116,1400937
52.5566187_13.3850413,1300732
52.5547984_13.3811029,1401045
52.5518528_13.3612453,1401048
52.5650917_13.390071,1300731
52.5445089_13.3896669,1300835
52.5464021_13.3492061,1400942
52.554334_13.3485352,1400939
52.5538116_13.3483101,1400939
52.5389081_13.3605666,1300836
52.5512872_13.386382162887276,1300733
52.5482151_13.359802,1401048
52.5422251_13.347348079051098,1400938
52.5559711_13.3451999,1400939
52.538582_13.384359,1300835
52.5400571_13.3583031,1401046
52.5398001_13.380702299183351,1300835
52.5536442_13.3618935,1401049
52.5531529_13.3900238,1300733
52.5508678_13.381256,1300836
52.5496819_13.3611493,1401048
52.5457971_13.3565397,1400942
52.5591286_13.3500489,1400940
52.5466525_13.3671929,1401043
52.5537678_13.3618662,1401049
52.5529901_13.3703477,1401044
52.5414481_13.3602389,1401047
52.5561799_13.34337985995461,1400939
52.5545703_13.3909344,1300733
52.5559925_13.3879145,1300732
52.5591282_13.388385575343165,1300732
52.5509925_13.3887986,1300733
52.5533507_13.3904383,1300733
52.5557627_13.3448857,1400939
52.554953_13.3773475,1401045
52.5514436_13.339499220285898,1400937
52.5503412_13.3599786,1401048
52.5524001_13.3851974,1300733
52.5424886_13.3623492,1401047
52.5541815_13.3731693,1401045
52.5402687_13.3587144,1401047
52.55979185_13.381581975438014,1300730
52.5405576_13.3964374,1300834
52.545047_13.3636572,1401043
52.5505254_13.3851602,1300733
52.5448748_13.3919528,1300834
52.552652_13.356986,1401048
52.5472405_13.3694945,1401044
52.5450432_13.3692085,1300836
52.5601887_13.3803636,1300730
52.5394341_13.3885513,1300835
52.5556015_13.3467769,1400939
52.5538414_13.3464866,1400939
52.5499518_13.3493762,1400938
52.5416849_13.3612926,1401047
52.5477255_13.3650422,1401043
52.5412865_13.3950671,1300834
52.5522295_13.3461365,1400938
52.5534118_13.3385965,1400937
52.5415892_13.360111,1401047
52.5469217_13.3688611,1401043
52.5541252_13.3512548,1400939
52.5478903_13.3665827,1401043
52.5420535_13.3706158,1300836
52.5475321_13.3694653,1401044
52.5441251_13.3919112,1300834
52.5351373_13.387810619482984,1300835
52.5565362_13.3883126,1300732
52.5536979_13.3659541,1401049
52.5512925_13.3483259,1400938
52.5574157_13.3421863,1400939
52.5539006_13.3448653,1400938
52.5483619_13.363489,1401043
52.5468744_13.3515967,1400942
52.555131_13.3897957,1300733
52.5554502_13.3436358,1400939
52.5515456_13.3826998,1300836
52.54759835_13.39842485055857,1300834
52.5494109_13.3509631,1400942
52.5555769_13.3473642,1400939
52.5560566_13.3425785,1400939
52.5471992_13.3342492,1400938
52.5502094_13.3856915,1300733
52.5553027_13.3667986,1401049
52.5591017_13.3372857,1400941
52.5433342_13.359780298197371,1401047
52.5410918_13.36251039827256,1401047
52.5592272_13.3847917,1300731
52.5413169_13.3577829,1401047
52.5429086_13.372843,1300836
52.5467024_13.3917459,1300834
52.5578938_13.385222838561331,1300730
52.5475764_13.3513532,1400942
52.5456706_13.3351571,1400938
52.5408184_13.370396,1300836
52.5614994_13.3817038,1300731
52.545116750000005_13.3503071157897,1400942
52.5514374_13.396290798935976,1300733
52.5528523_13.3895744,1300733
52.5504705_13.3387414,1400937
52.5369553_13.3908071,1300835
52.5462059_13.3488265,1400942
52.5629373_13.3898969691766,1300731
52.5603699_13.3806664,1300731
52.5500915_13.3491368,1400938
52.5470045_13.3636634,1401043
52.55006215_13.367767341826406,1401043
52.54858225_13.351508358992,1400942
52.5529816_13.3799103,1401045
52.5508966_13.3727263,1401044
52.51657285_13.434352129202676,2400623
52.5191933_13.4439399,2400522
52.5170606_13.469620990617305,2500729
52.5245604_13.4422539,2400522
52.5135648_13.4645038,2500831
52.5193062_13.4313086,2400521
52.5071022_13.462241817732426,2500834
52.5082105_13.4569703,2500834
52.5156251_13.4417336,2400624
52.5246694_13.453165854447402,2500726
52.5122823_13.464427914373136,2500831
52.5224885_13.4515683,2500726
52.5168626_13.4673249,2500728
52.5080989_13.455107,2500834
52.5114636_13.4699098,2500832
52.5186151_13.4573985,2500727
52.5202833_13.4303051,2400521
52.5197246_13.432597136881126,2400521
52.5034672_13.4558521,2500835
52.49531345_13.474456671409063,2500836
52.52420085_13.44534629958995,2400522
52.51485905_13.472431380496523,2500729
52.5227631_13.4526477,2500726
52.5138554_13.4607278,2500830
52.511763_13.4738524,2500832
52.5081954_13.4589939,2500834
52.5128567_13.448011,2400624
52.52176365_13.433633850325794,2400521
52.513743_13.442344465316824,2400624
52.5191559_13.4564445,2500727
52.5191903_13.4573924,2500727
52.52735655_13.424393314032308,2400520
52.5218232_13.4397263,2400521
52.5178836_13.4561476,2500727
52.5186664_13.4660175,2500728
52.5067334_13.45977010281955,2500834
52.5117145_13.4658712,2500831
52.51337_13.436557,2400623
52.5130202_13.4625107,2500831
52.5251548_13.427315537654678,2400520
52.5099526_13.4690268,2500832
52.5117539_13.4745963,2500832
52.5080292_13.4554795,2500834
52.5258266_13.4515944,2500726
52.5024362_13.4560204,2500835
52.5087313_13.4634277,2500833
52.5211645_13.4541583,2500726
52.5160967_13.4484391,2400624
52.5149636_13.4465835,2400624
52.5207044_13.4329748,2400521
52.5076878_13.4605035,2500834
52.5134643_13.4534639,2500833
52.5188727_13.4505443,2400522
52.5093712_13.4638538,2500833
52.5147628_13.427020030668167,2400623
52.5154238_13.4449136,2400624
52.5082158_13.4536123,2500834
52.5119801_13.4486561,2400624
52.4947061_13.471360368965186,2500836
52.5179646_13.4627211,2500728
52.5021929_13.4564782,2500835
52.516442_13.4322564,2400623
52.5135881_13.4662607,2500831
52.518019_13.4652787,2500728
52.5175682_13.4577771,2500727
52.5100624_13.4624393,2500833
52.52528925_13.443181574901086,2400522
52.5187111_13.461462,2500727
52.5110211_13.4507133,2400624
52.5130209_13.4448672,2400624
52.5124867_13.4482708,2400624
52.5193542_13.4691876,2500728
52.5130311_13.4651679,2500831
52.5065604_13.4678496,2500834
52.5178731_13.4574074,2500727
52.5108307_13.4716335,2500832
52.5093628_13.4727233,2500832
52.5253268_13.4234267,2400520
52.50963_13.466936,2500831
52.4997928_13.4657314,2500835
52.5167217_13.4639107,2500728
52.5056323_13.4637945,2500834
52.52099_13.4465991,2400522
52.52551045_13.439369050665317,2400520
52.5151095_13.457688151561628,2500830
52.5190485_13.4595771,2500727
52.5180866_13.4548701,2500727
52.5122221_13.4508244,2400624
52.52516295_13.44264768299806,2400522
52.5190741_13.4541291,2500727
52.5125417_13.467252,2500831
52.4983351_13.462385,2500835
52.5113959_13.426650913475516,2400623
52.4958625_13.4751884,2500836
52.505879_13.461265,2500834
52.5256925_13.4533614,2500726
52.5060517_13.4610021,2500834
52.5190073_13.4678661,2500728
52.5084127_13.4700614,2500832
52.5129628_13.4630643,2500831
52.5069577_13.4409024,2400625
52.5135724_13.4652263,2500831
52.5086328_13.4557701,2500834
52.516147_13.4670428,2500728
52.5215811_13.4363921,2400521
52.5111919_13.4706909,2500832
52.4864182_13.385475759443649,2200209
52.4945399_13.4114443,2200213
52.5042631_13.4322184,2300316
52.49222015_13.440583513791832,2300418
52.4957177_13.381196688724891,2200208
52.49403485_13.392820519855412,2200210
52.50600335_13.42803318693182,2300316
52.49681565_13.425085778746976,2300417
52.5004227_13.404931050000004,2100105
52.4895734_13.4200726,2200212
52.494699_13.4126507,2200213
52.49214245_13.407624046938448,2200210
52.48881915_13.384613066031608,2200209
52.505487_13.38771199174408,2100102
52.4918745_13.400438300702245,2200210
52.4987001_13.4371166,2300419
52.4926995_13.4329822,2300418
52.4968295_13.4421952,2300419
52.488874_13.4179085,2200212
52.5002099_13.416992692271124,2300314
52.500502_13.4424306,2300419
52.4968776_13.443779,2300419
52.4859746_13.3924443,2200211
52.4891625_13.3755243,2200209
52.4950991_13.4267963,2300417
52.4946554_13.413637438155536,2200213
52.4901919_13.3938127,2200211
52.49617905_13.380780365654772,2200208
52.5004397_13.4070245,2100105
52.5042032_13.4150846,2300314
52.5037818_13.3791193,2100101
52.4952578_13.4319395,2300418
52.49289385_13.402710912385842,2200210
52.4911008_13.4058879,2200210
52.50015915_13.422498736309803,2300314
52.49895645_13.400281383823138,2100105
52.5023028_13.3979665,2100103
52.4893868_13.3907542,2200211
52.5014008_13.433673,2300315
52.493311_13.4197539,2200213
52.4943768_13.4106795,2200213
52.4966782_13.4103843,2100106
52.4908696_13.4213724,2200213
52.4973507_13.4438777,2300419
52.5196823_13.464143,2500728
52.4972318_13.4408345,2300419
52.4941242_13.4179095,2200213
52.4923636_13.437396241366564,2300418
52.4962525_13.4001987,2200210
52.4895404_13.414461909510509,2200212
52.4872067_13.397262176781329,2200211
52.4923895_13.3969356,2200210
52.4978178_13.3847117,2200208
52.48850565_13.419204212381754,2200212
52.4887667_13.3764764,2200209
52.500499_13.429546,2300315
52.49570555_13.42689059015649,2300417
52.496941_13.4429967,2300419
52.4886203_13.4138548,2200212
52.4987587_13.4365912,2300419
52.50067305_13.423610551536314,2300315
52.500813050000005_13.423785158578232,2300315
52.5045243_13.3954034,2100102
52.4912478_13.3850847,2200209
52.49021575_13.379597954378724,2200209
52.5032019_13.4259374,2300315
52.5029432_13.426663631063429,2300315
52.5020175_13.4296169,2300315
52.501251800000006_13.422897118372212,2300314
52.4869372_13.3914003,2200211
52.4876072_13.3965921,2200211
52.49972555_13.424374581292046,2300315
52.4951148_13.4170011,2200213
52.4930244_13.438319,2300418
52.4932887_13.4386426,2300418
52.4904767_13.391536,2200211
52.494673_13.4143382,2200213
52.4952699_13.4448821,2300419
52.4974266_13.4466473,2300419
52.50318315_13.422075836648006,2300314
52.4900646_13.3900277,2200211
52.4871184_13.3962852,2200211
52.497392_13.4445392,2300419
52.4891622_13.4094234,2200212
52.4959585_13.4343572,2300418
52.507903_13.4045484,1100312
52.50189635_13.419475352206732,2300314
52.50091765_13.417268518503963,2300314
52.5040002_13.4344997,2300316
52.49982405_13.42556015927599,2300315
52.4954128_13.4444527,2300419
52.4873182_13.3969958,2200211
52.5042222_13.43519,2300316
52.4876633_13.3742972,2200209
52.49325_13.3959475,2200210
52.50410105_13.412293034036995,2100104
52.4925126_13.3862846,2200209
52.487038_13.376389,2200209
52.4880143_13.3960345,2200211
52.503356_13.4175545,2300314
52.50213525_13.38974932230884,2100102
52.4944698_13.4295259,2300418
52.4860104_13.3930128,2200211
52.50423255_13.394288261633726,2100102
52.4905855_13.4225367,2200213
52.4941593_13.4188143,2200213
52.5017539_13.419374840150454,2300314
52.50442335_13.422139823569648,2300314
52.4956867_13.41564338187229,2100106
52.5047833_13.423592466857496,2300314
52.5003488_13.3860607,2100101
52.493804_13.4346621,2300418
52.4939157_13.4174848,2200213
52.4889905_13.4105101,2200212
52.5008878_13.3977802,2100105
52.4885241_13.4197195,2200212
52.4929721_13.4075946,2200210
52.4884656_13.3942754,2200211
52.4867866_13.3904577,2200211
52.5023502_13.4325657,2300316
52.4931636_13.437289,2300418
52.4914472_13.382764,2200209
52.49776745_13.42357125837436,2300417
52.4864359_13.3937892,2200211
52.4907474_13.3921891,2200211
52.4942567_13.4173534,2200213
52.4896875_13.3908749,2200211
52.4953536_13.429757962186043,2300417
52.4885238_13.3745065,2200209
52.490900100000005_13.394498405318306,2200211
52.486589_13.3956696,2200211
52.4887367_13.4142378,2200212
52.5058538_13.39482954806841,2100102
52.494748_13.418794869865822,2200213
52.494424_13.4386048,2300418
52.4932916_13.434054724842518,2300418
52.50614025_13.408842797062244,2100104
52.5004704_13.4335489,2300315
52.49219_13.4174729,2200213
52.5025993_13.3886421,2100102
52.488982_13.4004273,2200211
52.5016518_13.4313076,2300315
52.492725_13.4388321,2300418
52.4970727_13.4320998,2300418
52.4897768_13.3879673,2200211
52.5002466_13.3896754,2100102
52.5076069_13.3944985,2100102
52.5033501_13.4046237,2100104
52.4972483_13.4432989,2300419
52.4988068_13.426834238715092,2300417
52.5005705_13.3868708,2100101
52.5027549_13.3875385,2100101
52.4912883_13.4083287,2200212
52.5030552_13.4099973,2100104
52.4936353_13.4360931,2300418
52.4940112_13.4318251,2300418
52.4946364_13.3801947,2200208
52.5041454_13.3860072,2100101
52.4978532_13.4386689,2300419
52.4942538_13.4287556,2300417
52.4897578_13.3769873,2200209
52.4896784_13.3884205,2200211
52.4965553_13.3800081,2200208
52.4918952_13.4138148,2200213
52.5054146_13.420044661903647,2300314
52.5027248_13.3724834,2200207
52.502116650000005_13.383312331358564,2100101
52.4855482_13.37434103404447,2200209
52.4924542_13.3764908,2200207
52.5019184_13.4299127,2300315
52.4913628_13.4036579,2200210
52.5041224_13.4354292,2300316
52.4935069_13.400050173794751,2200210
52.5078107_13.3975324,2100102
52.5078483_13.3951883,2100102
52.52397_13.4573405,3601453
52.52903315_13.42804068563786,3701660
52.5321895_13.418081172084442,3701556
52.5316007_13.445349018742236,3601452
52.5498924_13.4050458,3601140
52.53966675_13.427917109895064,3701657
52.5464943_13.4104559,3601142
52.5515477_13.4056148,3601140
52.5405959_13.4076351,3701554
52.5204446_13.46023957116105,3601453
52.551166_13.419207,3601243
52.5363128_13.4066408,3701554
52.5388763_13.4300558,3701657
52.5477102_13.4223766,3601244
52.5322517_13.4381015,3701660
52.5357978_13.428439766123706,3701658
52.5359216_13.4387464,3601451
52.5340953_13.418055207053351,3701556
52.5310214_13.4130622,3701556
52.5449235_13.4187126,3601347
52.5475048_13.442758,3601245
52.5527499_13.409339197856433,3601141
52.5406427_13.44450287182261,3601449
52.5482933_13.430778262074307,3601245
52.5402877_13.406304108997304,3701554
52.5280219_13.4212993,3701659
52.5497007_13.419817131131,3601243
52.5517017_13.4204447,3601243
52.5430892_13.4199499,3601347
52.5339627_13.4283376578908,3701658
52.53473735_13.41086598389166,3701554
52.5500234_13.4105411,3601141
52.5429696_13.4214066,3601348
52.5494698_13.421136,3601243
52.5548853_13.4091193,3601139
52.5325459_13.456732,3601450
52.5433956_13.4456113,3601449
52.55169215_13.40686856915296,3601141
52.5324533_13.4099252,3701554
52.5280046_13.449447545858586,3601452
52.5508527_13.406725532435658,3601141
52.5406933_13.4207206,3601348
52.5445845_13.4147308,3601346
52.5331595_13.4214224308521,3701659
52.5541973_13.4144416,3601139
52.534826_13.4264393,3701658
52.53580345_13.40994518420737,3701554
52.5465652_13.4071616,3601142
52.53531885_13.409663366793762,3701554
52.5439104_13.4222536,3601348
52.5423191_13.41578,3601347
52.5363352_13.4257272,3701658
52.5473127_13.4063567,3601142
52.5371389_13.4151334,3701555
52.54688755_13.419793431854362,3601347
52.5303099_13.4103725,3701554
52.5386489_13.408350624319668,3701554
52.5307993_13.4340859,3701660
52.5335785_13.4335979,3701660
52.5467716_13.4152702,3601346
52.5325762_13.4141881,3701556
52.5388399_13.4165038,3701555
52.5463908_13.4207704,3601347
52.5453803_13.4196371,3601347
52.5438525_13.4196946,3601347
52.5319849_13.4364786,3701660
52.5455086_13.4208903,3601347
52.5295874_13.4317243,3701660
52.546397_13.4075898,3601142
52.5312635_13.4356664,3701660
52.5410531_13.4167738,3601347
52.5414032_13.4171473,3601347
52.54872295_13.408530779350375,3601142
52.5364921_13.4292088,3701658
52.5437021_13.4184916,3601347
52.5478677_13.4421242,3601245
52.5400987_13.4497264,3601449
52.54344155_13.45485364980462,3601449
52.5317849_13.4310037,3701660
52.5444311_13.4341582,3601245
52.53019515_13.433055175996316,3701660
52.5376808_13.4176996,3701555
52.5311485_13.4230406,3701659
52.5483645_13.4017065,3601142
52.5202388_13.461453648355889,3601453
52.5336973_13.4193345,3701556
52.537255_13.4249084,3701658
52.5468924_13.4031714,3601142
52.5332737_13.432684315862042,3701660
52.5477057_13.4019369,3601142
52.5468424_13.4026323,3601142
52.5479811_13.4228651,3601244
52.5498971_13.4120615,3601141
52.53001225_13.435498709086648,3701660
52.5516254_13.4188759,3601243
52.5506652_13.4115411,3601141
52.5359958_13.4312125,3701658
52.5341961_13.4322389,3701660
52.5407433_13.4189533,3601348
52.5525925_13.4196963,3601243
52.5524674_13.4109541,3601141
52.5411547_13.4214305,3601348
52.5361495_13.4181581,3701556
52.5310621_13.4249063,3701659
52.5450023_13.4232403,3601348
52.5414794_13.4224061,3601348
52.5231942_13.4562113,3601453
52.5458246_13.4194843,3601347
52.5467451_13.4127906,3601142
52.5400531_13.4323217,3701657
52.5308215_13.4229386,3701659
52.5450173_13.4235806,3601348
52.5309215_13.409481,3701554
52.5411398_13.4490975608589,3601449
52.5527505_13.4049252,3601140
52.5459818_13.410788803594802,3601142
52.5352304_13.4371664,3601451
52.5245836_13.4569639,3601453
52.5435161_13.4214484,3601347
52.5417858_13.4170585,3601347
52.5478538_13.4038839,3601142
52.5321315_13.4337319,3701660
52.5317979_13.4232134,3701659
52.54465305_13.435138098666098,3601245
52.5482903_13.4229413,3601244
52.5491538_13.4242008,3601244
52.5312395_13.4254323,3701659
52.5526518_13.4106063,3601141
52.5469832_13.4071078,3601142
52.5527488_13.4194445,3601243
52.5544497_13.4101596,3601139
52.5201557_13.464193,3601453
52.5348887_13.4442591,3601451
52.53523845_13.427880728506103,3701658
52.5506443_13.4104666,3601141
52.5374603_13.4263884,3701658
52.5476022_13.4030016,3601142
52.5544713_13.4097476,3601139
52.5283982_13.4476065,3601452
52.5394569_13.4256909,3701657
52.5289936_13.4134923,3701556
52.5256034_13.4549236,3601453
52.54711065_13.419289385977702,3601347
52.535609_13.4296924,3701658
52.5486282_13.4160273,3601346
52.5439364_13.4218248,3601347
52.5552084_13.4041391,3601139
52.5348484_13.430037,3701658
52.5336111_13.4364551,3701660
52.52421405_13.459971982590794,3601453
52.5545461_13.4059093,3601139
52.55337715_13.413524705468715,3601141
52.5297719_13.4338781,3701660
52.5348997_13.450265000000003,3601450
52.5507266_13.410718,3601141
52.5306392_13.4318966,3701660
52.5371041_13.420774,3701555
52.5268211_13.4560081,3601453
52.62152655_13.48764120803843,3300411
52.6127894_13.4732357,3300412
52.5587873_13.4342283,3300516
52.5566518_13.471478,3501037
52.5553263_13.4305157,3500934
52.5515257_13.4736482,3501038
52.5546557_13.4726879,3501037
52.5474114_13.462986146435563,3500936
52.5566413_13.4648347,3500933
52.5596453_13.4635081,3501037
52.5481665_13.462843,3500936
52.5941033_13.4531455,3300514
52.55883445_13.454637221234458,3500933
52.5597318_13.454774792329395,3500932
52.5580422_13.4384422,3500932
52.5510898_13.4398924,3500934
52.5509478_13.446982,3500935
52.5523678_13.4494102,3500935
52.56697195_13.441073131098308,3300516
52.55457365_13.46041628414342,3500933
52.62392725_13.484480799018836,3300411
52.5517085_13.4590385,3500933
52.624267_13.4816172,3300411
52.6230004_13.4868394,3300411
52.6045853_13.4785736,3300413
52.6158382_13.486850414262578,3300411
52.6143644_13.493713842681606,3300411
52.61386805_13.489703783015514,3300411
52.5544483_13.4492223,3500933
52.5501017_13.4598267,3500936
52.5901549_13.4542929,3300515
52.562713_13.452406260060185,3500932
52.55844935_13.443169553191474,3500932
52.5484757_13.4624178,3500936
52.5463851_13.452643,3500936
52.5510863_13.4515924,3500935
52.5463484_13.4571073,3500936
52.5498946_13.4532778,3500935
52.5473374_13.4596125,3500936
52.6167891_13.4897481,3300411
52.6105396_13.4826781,3300413
52.5483313_13.4476839,3500935
52.5500093_13.4537483,3500935
52.5519832_13.451696,3500935
52.55183_13.4322593,3500934
52.5482835_13.4486832,3500935
52.5534354_13.4450824,3500935
52.5545202_13.4482733,3500933
52.5545008_13.4467672,3500933
52.5480328_13.4542599,3500936
52.5569119_13.4637591,3500933
52.5494031_13.4476052,3500935
52.5538008_13.4383631,3500934
52.5532557_13.4508963,3500933
52.5448876_13.4376286,3601245
52.5503107_13.4527184,3500935
52.5585982_13.4761719,3501037
52.6081361_13.4801439,3300413
52.552702_13.4370253,3500934
52.6178908_13.4886955,3300411
52.550855_13.4570853,3500933
52.6113651_13.4954317,3300411
52.6100115_13.4805721,3300412
52.6095389_13.4311839,3200309
52.5568896_13.4310039,3500934
52.5491177_13.4538774,3500935
52.5496488_13.4397074,3500934
52.5566465_13.4856268,3501038
52.5621647_13.428017,3300516
52.5580918_13.443281,3500932
52.5623533_13.4533327,3500932
52.60731905_13.416140568070292,3200308
52.59263115_13.379792128153262,3400618
52.6041512_13.4178461,3200308
52.60435935_13.438051118289428,3200309
52.5894309_13.3603827,3400619
52.5839758_13.3904443,3200205
52.598178_13.3821743,3400618
52.6263549_13.4936361,3100103
52.5642345_13.4004982,3400721
52.5687056_13.3979616,3400721
52.5876012_13.4026509,3200207
52.58116525_13.41650107305452,3400725
52.63045995_13.50311061857263,3100103
52.5778245_13.4172831,3400724
52.5682259_13.4192523,3400830
52.5706797_13.4007864,3400722
52.5716322_13.405556,3400722
52.6283029_13.4986834,3100103
52.609866100000005_13.42240810540394,3200310
52.560197_13.4064156,3400826
52.6083015_13.4192159,3200310
52.6051632_13.4255598,3200310
52.580236_13.4269848,3400724
52.5595816_13.4193553,3400827
52.5875856_13.3639867,3400619
52.5816163_13.3979718,3200206
52.5702134_13.408827,3400723
52.6063098_13.4305088,3200310
52.56458665_13.39629871089711,3400721
52.5742268_13.3995056,3200206
52.55732695_13.425612322145486,3400828
52.6123773_13.425424550007634,3200310
52.5846844_13.4254936,3400725
52.6320056_13.4920974,3100103
52.590667_13.3662925,3400619
52.5821867_13.3889624,3200206
52.556362_13.420836,3400827
52.5639366_13.4209575,3400830
52.6284321_13.3875699,3200204
52.5538711_13.4283347,3400828
52.5713114_13.4100705,3400724
52.6123403_13.4300537,3200310
52.5676443_13.405890578420768,3400723
52.566539_13.4046028,3400721
52.5822167_13.4032203,3200206
52.577232_13.3950495,3200206
52.5852783_13.3748616,3400619
52.5651838_13.4041355,3400721
52.6069588_13.4217769,3200310
52.5591905_13.4095845,3400826
52.6167883_13.4915107,3300411
52.5722702_13.4095702,3400724
52.5655565_13.4057386,3400721
52.6010903_13.42967,3200308
52.5668016_13.3960347,3400721
52.5637421_13.3958688,3400721
52.5623241_13.4232461,3400829
52.560291_13.4213962,3400829
52.5870016_13.402155,3200207
52.5832875_13.4027604,3200206
52.581601500000005_13.41884655550562,3400725
52.5920046_13.404553630592977,3200207
52.5600007_13.4157857,3400829
52.5893401_13.4078536,3200207
52.6100087_13.4950408,3300413
52.5656063_13.3972956,3400721
52.617912_13.3882777,3200204
52.56262185_13.408446603526352,3400826
52.5669499_13.4076784,3400723
52.620652_13.3982181,3200204
52.587048_13.404482,3200207
52.5775617_13.4010234,3200206
52.5711422_13.412447325946328,3400723
52.5768556_13.4004049,3200206
52.5688685_13.397285,3400721
52.5729977_13.4111627,3400724
52.58451665_13.363969786753398,3400619
52.5697549_13.42617427695846,3400830
52.5689664_13.4103592,3400723
52.56388525_13.396329959411492,3400721
52.5608856_13.4260875,3400829
52.5875854_13.3970837,3200205
52.5549411_13.4224116,3400827
52.5875206_13.4014825,3200205
52.57701635_13.401015648516251,3200206
52.5817617_13.4057606,3200207
52.65176135_13.48935495,3100101
52.5724404_13.4163471,3400723
52.5700065_13.411722,3400723
52.5671746_13.398009774606784,3400721
52.5778444_13.3958677,3200206
52.5758267_13.3990033,3200206
52.576717_13.4182792,3400724
52.5804004_13.3953346,3200206
52.5976276_13.4329941,3200308
52.5617182_13.3985411,3400721
52.5613195_13.4111928,3400826
52.5912691_13.4077194,3200207
52.6365702_13.492261700452804,3100103
52.5824339_13.4110353,3200207
52.63855015_13.490467842833658,3100101
52.5543774_13.4182961,3400827
52.5520617_13.4286976,3400828
52.571827_13.4082211,3400722
52.5665502_13.4143487,3400830
52.5909025_13.4074833,3200207
52.5531568_13.428143,3400828
52.6372254_13.492737193995506,3100101
52.5857672_13.4023149,3200205
52.567004_13.3963974,3400721
52.5696647_13.4009547,3400722
52.5708039_13.3989799,3400722
52.5675498_13.405444062123356,3400723
52.5717446_13.4088627,3400724
52.6048631_13.4321074,3200310
52.5889832_13.40928529926926,3200207
52.5798988_13.4043902,3200206
52.5877579_13.3580871,3400619
52.5842566_13.402586,3200206
52.5715071_13.410791,3400724
52.5756292_13.3982016,3200206
52.5623205_13.4026183,3400721
52.5670451_13.40201775471044,3400721
52.584738_13.3658121,3400619
52.6244633_13.496377,3100103
52.595976_13.4333039,3200309
52.569497850000005_13.410339208474191,3400723
52.5849598_13.4284864,3400725
52.5830476_13.4072989,3200207
52.553125_13.4284209,3400828
52.5862574_13.3987752,3200205
52.6152762_13.453637494963612,3100101
52.5848399_13.4069916,3200207
52.5877011_13.3612349,3400619
52.6291546_13.5066087,3100102
52.5866813_13.3583094,3400619
52.5778704_13.4016472,3200206
52.5833255_13.3662883,3400620
52.6417076_13.487112,3100101
52.5856115_13.371994,3400619
52.5867011_13.3681743,3400619
52.5865859_13.3674233,3400619
52.583467_13.41624591714831,3400725
52.5809286_13.3778189,3400619
52.5641235_13.4266015,3400829
52.5614026_13.4260124,3400829
52.5852585_13.4024315,3200206
52.56503775_13.405368012254408,3400721
52.5863764_13.4064089,3200207
52.5690832_13.399649,3400721
52.57329025_13.40224135961538,3400722
52.5719_13.4036168,3400722
52.612036_13.4307185,3200310
52.524483_13.3048633,4300518
52.5380635_13.2876166,4100101
52.5097989_13.260537274236846,4200310
52.5121544_13.2607941,4200310
52.5057363_13.289068158664255,4300415
52.5016783_13.3141561,4501041
52.5094543_13.319053224105923,4300624
52.51391505_13.307594152773676,4300621
52.5193739_13.2961901,4300412
52.5150299_13.2993809,4300414
52.51783565_13.27131370643312,4200308
52.5287795_13.30276657293076,4300517
52.50809434999999_13.303440474591222,4300623
52.5095884_13.2993342,4300416
52.51784555_13.263799981045745,4200308
52.5166885_13.3028173,4300621
52.53982345_13.300074247060936,4100102
52.5042821_13.287355410009582,4300415
52.5132519_13.2841015,4200311
52.5083223_13.313556421784076,4300623
52.4961859_13.2637225,4200207
52.5297752_13.2997022,4300517
52.5380318_13.2848633,4100101
52.5192587_13.310364162681743,4300619
52.51758815_13.291336916078537,4300413
52.5131569_13.2591357,4200309
52.5073808_13.2940055,4300416
52.5184219_13.307620999267526,4300619
52.5010166_13.30221,4500936
52.4957971_13.2661489,4200207
52.5109894_13.2835795,4200311
52.50448435_13.297570505743336,4300416
52.5094332_13.3002819,4300416
52.514197_13.2883377,4300413
52.51899665_13.315780201499514,4300619
52.518792000000005_13.3152879164812,4300619
52.5187045_13.2879579,4300413
52.5090627_13.3184954,4300624
52.5132734_13.2803746,4200311
52.5026286_13.262912010153888,4200207
52.5050965_13.2949993,4300416
52.5142723_13.2945081,4300413
52.5090827_13.3175528,4300624
52.51407_13.2896941,4300413
52.5134591_13.2930193,4300413
52.5136575_13.29463,4300413
52.5087063_13.2964745,4300416
52.51772275_13.294297799652846,4300413
52.5032792_13.293568,4300416
52.5107335_13.3135729,4300623
52.5099312_13.3072362,4300623
52.5051329_13.2994706,4300416
52.5020878_13.258966642352451,4200207
52.511020900000005_13.222345991740433,4200204
52.5392574_13.297983162719753,4100102
52.51802785_13.262416451771903,4200308
52.5175883_13.2488688,4200203
52.5178313_13.302525,4300621
52.5045015_13.2946226,4300416
52.52399320000001_13.301824842259409,4300517
52.50483535_13.316785307943814,4501041
52.5204789_13.3016925,4300619
52.509866_13.295233,4300416
52.5145917_13.3254421,4300622
52.5200855_13.3017446,4300619
52.5171904_13.3114225,4300619
52.5134932_13.2935674,4300413
52.5200758_13.3021362,4300619
52.5149467_13.2954921,4300413
52.50585315_13.28351982702335,4300415
52.5259127_13.310275,4300518
52.5096739_13.3010021,4300416
52.5463918_13.3181664,4100101
52.504798_13.3157938,4501041
52.5116234_13.2576536,4200309
52.52118025_13.286316542827608,4300412
52.5035339_13.2915823,4300416
52.50614695_13.248255453362509,4200206
52.52460235_13.25788767482282,4200308
52.5122156_13.2914779,4300414
52.5174326_13.276119551308394,4200308
52.5102002_13.243893181290174,4200205
52.51544765_13.242998750935442,4200203
52.5280869_13.2996173,4300517
52.5167787_13.3009495,4300621
52.515219_13.3006289,4300414
52.5038988_13.2909804,4300415
52.5156999_13.302937,4300621
52.5027565_13.299841666996922,4500936
52.5036957_13.3152908,4501041
52.5255288_13.3050256,4300518
52.5060365_13.2928746,4300415
52.525389_13.298929099529902,4300517
52.5145398_13.2881948,4300413
52.5014411_13.3036299,4500936
52.5077021_13.318948275852325,4300624
52.5035268_13.29226487268981,4300416
52.50933_13.288623631928932,4300415
52.5191309_13.2688341,4200308
52.5141289_13.3008105,4300414
52.515169_13.3346582,4300620
52.5244139_13.3137349,4300518
52.5125385_13.3118404,4300621
52.4753691_13.3200241,4400835
52.5244943_13.3090351,4300518
52.5202318_13.3016,4300619
52.5139197_13.2654807,4200310
52.5192219_13.2902771,4300412
52.515619_13.3031736,4300621
52.5134294_13.2696212,4200310
52.497781_13.2105647,4200207
52.5182235_13.2739826,4200308
52.5149151_13.2880941,4300413
52.4978583_13.2650205,4200207
52.5363663_13.2787596,4100101
52.5076969_13.3115781,4300623
52.5257866_13.3003081,4300517
52.5019888_13.259460882317075,4200207
52.52045515_13.276321480761933,4200308
52.5230093_13.3010547,4300517
52.5085472_13.236454810588423,4200205
52.5214705_13.3236068,4300620
52.5169579_13.29404422557406,4300413
52.5176343_13.2800133,4200311
52.5132446_13.3176727,4300622
52.5245109_13.3072381,4300518
52.5192555_13.2682933,4200308
52.5045405_13.3253743,4501041
52.5129253_13.3124965,4300621
52.5042639_13.2864153,4300415
52.5073749_13.3113557,4300623
52.525422500000005_13.308871678714508,4300518
52.519924_13.3196597,4300620
52.5153727_13.3064568,4300621
52.5215943_13.2884493,4300412
52.5243939_13.3096118,4300518
52.52332845_13.299010533508191,4300517
52.50996205_13.308172601462765,4300623
52.5431098_13.2855059,4100101
52.5150493_13.2875175,4300413
52.5108539_13.2908438,4300414
52.5140306_13.312254305826311,4300621
52.5086385_13.2958321,4300416
52.5287253_13.2970166,4300517
52.5193898_13.3082021,4300619
52.4745282_13.2852871,4400831
52.4944087_13.334072,4501152
52.4855314_13.3209581,4501150
52.4761647_13.314183684802217,4400835
52.48055305_13.326626230907202,4501151
52.4747851_13.3099686,4400834
52.4831202_13.2883044,4400727
52.4730768_13.2938662,4400832
52.49368885_13.283471126336902,4400726
52.4996437_13.3335537,4501045
52.4937896_13.308515876408642,4500939
52.4961042_13.3037686,4500939
52.4766851_13.3188382,4400835
52.4851401_13.323807619335795,4501150
52.4837799_13.2807891,4400728
52.4826992_13.3281179,4501151
52.49695885_13.298258458711082,4500938
52.4971815_13.3216058,4501044
52.4861116_13.278375105036863,4400726
52.4819639_13.3188775,4501148
52.4829953_13.3212622,4501151
52.4961205_13.3120246,4501043
52.4720788_13.3097436,4400834
52.4881239_13.3215902,4501147
52.4877521_13.3207372,4501147
52.4910661_13.3194984,4501147
52.4898066_13.317895,4501147
52.481931_13.3240004,4501151
52.4773899_13.3085109,4400834
52.49636835_13.329354339196978,4501045
52.4796398_13.3244725,4501151
52.48385775_13.275257156358954,4400728
52.4800339_13.3227914,4501151
52.4860857_13.3263905,4501150
52.4902516_13.3261976,4501149
52.4844898_13.3255955,4501150
52.4934076_13.3288241,4501149
52.4940424_13.3281518,4501149
52.4904015_13.3332873,4501152
52.4748411_13.3041649,4400833
52.4980174_13.2889733,4500937
52.4948096_13.2976432,4500938
52.4805463_13.3240462,4501151
52.4788354_13.3322976,4501153
52.485823550000006_13.32408211237676,4501150
52.4800477_13.3225578,4501151
52.478811_13.3338407,4501153
52.48892_13.27810600221239,4400726
52.4900407_13.30756680526941,4500939
52.4963217_13.3064365,4500939
52.492686_13.3334978,4501152
52.487939_13.31725234856557,4501146
52.4800447_13.3214276,4501151
52.4819343_13.3216666,4501151
52.4871726_13.2711348,4400728
52.4982578_13.3225564,4501044
52.4739553_13.3157779,4400835
52.4956758_13.2987984,4500938
52.4805574_13.3311126,4501153
52.4744226_13.2949948,4400832
52.48922295_13.29632906951933,4400727
52.4862205_13.3275641,4501150
52.4965776_13.3145515,4501043
52.4889874_13.3313738,4501152
52.4846604_13.3354915,4501153
52.4876271_13.3290971,4501149
52.470221_13.2926147,4400832
52.48834485_13.310926628150064,4501146
52.5005855_13.3348393,4501042
52.4963157_13.3222056,4501044
52.4719806_13.3171909,4400835
52.4979572_13.3019959,4500938
52.4711078_13.3077407,4400833
52.4937565_13.3220336,4501044
52.4824682_13.3186283,4501148
52.4887838_13.3244289,4501149
52.4971616_13.2976568,4500938
52.4960065_13.294675,4500938
52.4810542_13.3205424,4501151
52.4885829_13.3244168,4501149
52.4942767_13.299306195301384,4500938
52.4802144_13.3218734,4501151
52.47346465_13.270299066685936,4400729
52.4950903_13.3332888,4501152
52.4969794_13.297884,4500938
52.4885898_13.3212734,4501147
52.4978051_13.2997485,4500938
52.4887468_13.321199,4501147
52.4980823_13.305553,4500938
52.4805676_13.3307451,4501153
52.4853353_13.3354748,4501153
52.49313_13.306901185185184,4500939
52.4929958_13.30757535329832,4500939
52.4807907_13.3305635,4501153
52.4875789_13.2966732,4400727
52.4924536_13.3283019,4501149
52.4798192_13.3201338,4501148
52.480647_13.2925931,4400830
52.4990223_13.2925637,4500937
52.4857045_13.2919707,4400727
52.4919459_13.321276,4501147
52.4871331_13.3191554,4501146
52.4882133_13.330597,4501149
52.4995572_13.332184,4501045
52.49428225_13.293757210523347,4500938
52.47608535_13.295708573052943,4400832
52.4788355_13.3332735,4501153
52.4949119_13.3342068,4501152
52.4967142_13.3039581,4500938
52.4931274_13.3069771,4500939
52.4871346_13.2985234,4400727
52.4935519_13.3351623,4501152
52.4811761_13.2922393,4400830
52.4947573_13.3353673,4501152
52.4946996_13.3240125,4501045
52.4804817_13.2991828,4400830
52.5470225_13.191960970036355,5100315
52.5678747_13.1987385,5100101
52.5295894_13.1916494,5200629
52.5452962_13.1981478,5100315
52.5498676_13.1869202,5100210
52.517267_13.2026562,5200634
52.5470983_13.2320856,5300736
52.522976_13.174592627325584,5200527
52.5116459_13.1869725,5200634
52.5453955_13.2706883,5300839
52.5377668_13.1995622,5100316
52.5522497_13.1646611,5100208
52.5508965_13.1761219,5100209
52.5670275_13.2060308,5100101
52.5530932_13.1531971,5100208
52.5443071_13.1706597,5100211
52.52271265_13.15707993677833,5200526
52.5210617_13.1723723,5200527
52.5448264_13.2064409,5100314
52.4991616_13.1802771,5400942
52.5225307_13.1699466,5200527
52.560266_13.1532006,5100206
52.517983_13.2025536,5200631
52.516699_13.19424772315263,5200630
52.5391133_13.2085466,5100316
52.5412331_13.1448463,5200419
52.5341231_13.1500694,5200421
52.5384509_13.2685152,5300841
52.5413296_13.242379635759631,5300737
52.5473577_13.2369402,5300737
52.516864_13.1714514,5200528
52.5679752_13.2069129,5100101
52.5689378_13.1971535,5100101
52.5223242_13.1664263,5200527
52.5392285_13.1820843,5100211
52.54899165_13.163550345150014,5100208
52.5423974_13.2437368,5300737
52.5409551_13.1984917,5100316
52.5456332_13.195611451704137,5100315
52.5381428_13.1964644,5100316
52.45847_13.1561494,5400942
52.5240603_13.1947021,5200630
52.5256222_13.1980422,5200631
52.51983395_13.185015099689435,5200527
52.5231302_13.199992,5200631
52.5234609_13.2024138,5200631
52.5474228_13.2049998,5100314
52.4495537_13.1343472,5400945
52.549155_13.2100285,5100314
52.5321439_13.2025406,5100317
52.547992_13.2627832,5300839
52.5261105_13.1805204,5200420
52.5164395_13.19532536623031,5200630
52.5525214_13.2101644,5100313
52.45649045_13.13946817637085,5400943
52.541401050000005_13.20682484707697,5100314
52.4515545_13.1338078,5400945
52.5309108_13.2051002,5100317
52.5451472_13.144072733774372,5200419
52.5351242_13.2708863,5300840
52.5487648_13.2100314,5100314
52.5342149_13.1359276,5200422
52.5339029_13.1364319,5200422
52.4473424_13.1266177,5400945
52.5166685_13.1624312,5200528
52.5570912_13.2295646,5300735
52.5454072_13.2022153,5100315
52.5487371_13.175889048993318,5100211
52.5248488_13.1936506,5200630
52.4927231_13.1817943,5400942
52.460122600000005_13.155435007345057,5400942
52.4865142_13.181645233982035,5400942
52.5490198_13.1576144,5100208
52.5414217_13.2673949,5300839
52.5673555_13.2064894,5100101
52.5571534_13.2206243,5100104
52.5358957_13.1541155,5200421
52.5118128_13.1861736640199,5200634
52.52774645_13.140085202659574,5200524
52.527579200000005_13.149554124443965,5200525
52.5244644_13.14898291199382,5200525
52.5459482_13.2258904,5300736
52.54729665_13.210076821515678,5100313
52.4707537_13.1302233,5400943
52.4951941_13.1799621,5400942
52.5313956_13.1463621,5200423
52.465354_13.1275068,5400943
52.5466098_13.228202,5300736
52.5196635_13.153401090538836,5200526
52.5337472_13.2746071,5300840
52.5286661_13.2112333,5100317
52.5251104_13.1957687,5200630
52.5557475_13.2043625,5100105
52.5218076_13.197574052619917,5200630
52.5472839_13.203371193488646,5100314
52.4831129_13.1743115,5400942
52.5394964_13.2691092,5300839
52.5436239_13.1853173,5100210
52.533773_13.196606746162796,5200629
52.5404125_13.1974438,5100316
52.5285879_13.1916482,5200629
52.5575869_13.2075441,5100105
52.5358826_13.1842194,5200629
52.56456645_13.211117144182008,5100103
52.55604455_13.212930504206554,5100104
52.5183142_13.1973577,5200630
52.52531975_13.140116354561144,5200524
52.5340204_13.1865089,5200629
52.549596_13.1531558,5100208
52.54076275_13.265946363473995,5300839
52.5271775_13.1606284,5200420
52.52582455_13.133703048162497,5200525
52.5410287_13.243144951732932,5300737
52.5199144_13.1970536,5200630
52.5229913_13.2036692,5200631
52.5651005_13.2096521,5100103
52.5383168_13.1848199,5100316
52.47454365_13.128532899461373,5400943
52.5263045_13.2063005,5200632
52.5261441_13.176003236899223,5200420
52.54172675_13.184643277101156,5100210
52.5514594_13.1788757,5100209
52.5324986_13.1547963,5200423
52.5368106_13.1927609,5100316
52.5230874_13.1996653,5200631
52.54747925_13.162869218036406,5100208
52.5457329_13.1450908,5100211
52.5261214_13.1835708,5200630
52.5445054_13.2327004,5300737
52.5607292_13.2142173,5100104
52.5116651_13.1824828,5200634
52.5614481_13.2081494,5100105
52.54741215_13.182480833254749,5100209
52.5380181_13.1858933,5100316
52.5440991_13.2462843,5300737
52.574147100000005_13.216354027583469,5100101
52.5500661_13.1564859,5100208
52.5211708_13.1966417,5200630
52.454152_13.1444794,5400944
52.5481915_13.1530293,5100208
52.5211529_13.1973677,5200630
52.552774_13.2253382,5300735
52.51937955_13.179400635006914,5200527
52.5463742_13.178420407400614,5100209
52.5290449_13.1975039,5200629
52.5396787_13.1759548,5100211
52.5447582_13.1988623,5100315
52.4695831_13.1751265,5400942
52.5456344_13.1800167,5100209
52.5125009_13.2010969,5200634
52.5259726_13.1611176,5200420
52.5350071_13.2716222,5300841
52.5596905_13.217044098524044,5100104
52.4148765_13.149537199999996,6400735
52.4361051_13.27721590021645,6300527
52.4462916_13.247042,6400839
52.4217972_13.20150182142316,6400736
52.42449925_13.26365446923474,6300528
52.45926155_13.278607909297587,6400844
52.4131764_13.2599298,6300525
52.4354094_13.22059316746807,6400838
52.45017535_13.281978118427928,6400843
52.425236350000006_13.20494618057518,6400737
52.422322_13.2600382,6300528
52.42276685_13.242996645797966,6300524
52.43108355_13.275400070739488,6300528
52.4344369_13.25933,6300526
52.4549616_13.296274007368847,6400843
52.448596550000005_13.250498696748956,6400840
52.42005435_13.262419139288092,6300528
52.43076105_13.215509329978772,6400737
52.4322474_13.2540372511479,6300526
52.42619135_13.215968911983138,6400736
52.4157581_13.1461424,6400735
52.4144633_13.144825304793024,6400735
52.4595898_13.27532611050552,6400844
52.3979447_13.145719090287244,6400735
52.42811235_13.223786323085818,6400736
52.4473291_13.2521834,6400840
52.4227393_13.2531111,6300528
52.42919895_13.216232623762206,6400737
52.43484295_13.252556861631064,6300526
52.4460185_13.2709629,6400843
52.4367913_13.213398510948345,6400737
52.43384675_13.254395108317992,6300526
52.4326706_13.2559081,6300526
52.440504950000005_13.26140819375,6400841
52.43501295_13.230600802141463,6400839
52.43334665_13.254489835897434,6300526
52.459020300000006_13.301743133947385,6400844
52.4465217_13.301633145873122,6300629
52.43867445_13.279493513702976,6300527
52.45528385_13.2678144,6400842
52.45650925_13.272778808090392,6400842
52.42606355_13.226672299145662,6400736
52.4316477_13.204599708311486,6400737
52.430769_13.195384,6400737
52.417212500000005_13.266842144853172,6300528
52.45325205_13.266824103898848,6400842
52.436663_13.276827134776823,6300527
52.4102109_13.25746805203038,6300525
52.4189078_13.144707097524408,6400735
52.4575385_13.274692,6400844
52.43067415_13.160987716004357,6400735
52.4209913_13.282992927821176,6300632
52.44823045_13.249975248677476,6400840
52.449516_13.2548292,6400840
52.4203257_13.2837607,6300632
52.45006615_13.257993981230031,6400840
52.4381845_13.2626559,6400841
52.4485527_13.268590116715032,6400842
52.4140604_13.109246,6400735
52.43694965_13.253773271982762,6400839
52.436538_13.2440688,6400839
52.4164981_13.265282467225086,6300528
52.4310365_13.1619914,6400735
52.4571812_13.295214983102415,6400843
52.4525801_13.2708756,6400842
52.435803_13.2801353,6300527
52.43413965_13.279868741843016,6300527
52.43616915_13.2466638,6400839
52.417584_13.250177,6300525
52.460396_13.2768337,6400844
52.4274265_13.343204,6200315
52.432804_13.23019900481399,6400839
52.46148215_13.334769323171624,6100209
52.45341645_13.337553199988548,6100208
52.453943_13.3254283,6100207
52.4482482_13.31973909808986,6300630
52.464015_13.314051,6100102
52.4427971_13.313897927840006,6300633
52.44112105_13.322122011446393,6300630
52.43565225_13.295598252596603,6300634
52.44703585_13.350879755682804,6100205
52.42568665_13.33711609698167,6200314
52.4590547_13.3332016,6100209
52.43569355_13.345295290926655,6200313
52.43897085_13.315627958469186,6300633
52.46320205_13.321694208821684,6100103
52.4491432_13.3410356,6100205
52.4518152_13.3119243,6300629
52.42704265_13.323146240139582,6200421
52.4350289_13.3025956,6300634
52.410860850000006_13.318607710930516,6200419
52.42147935_13.31053583859527,6200420
52.42315735_13.322765247873516,6200422
52.44748115_13.31203211358093,6300633
52.4506243_13.3191502,6100207
52.43058665_13.358080009717703,6200316
52.4403032_13.3412461,6200312
52.4482373_13.313398467481754,6300633
52.4343764_13.3627492,6200316
52.4586629_13.3242667,6100102
52.4311686_13.359968126328525,6200316
52.4349511_13.340051838921612,6200314
52.4389976_13.339277352011951,6200312
52.42370745_13.33698404046623,6200315
52.4303876_13.3201815,6200421
52.4507927_13.350179,6100204
52.4437789_13.291916995245796,6300629
52.46067445_13.320584328835984,6100102
52.44203595_13.298267304621213,6300633
52.4594599_13.3140223,6100101
52.4456301_13.311705453279426,6300633
52.4658454_13.3200026,6100103
52.4609915_13.3137716,6100101
52.4615537_13.3437959,6100210
52.431522150000006_13.34062186274696,6200314
52.4346874_13.293249479269232,6300634
52.4656321_13.3206089,6100103
52.4360366_13.3496159,6200313
52.458459_13.3314568,6100208
52.44762505_13.31697681661952,6300630
52.44610665_13.307840880439654,6300633
52.4648444_13.3315977,6100209
52.4264211_13.322933327645838,6200421
52.45529465_13.32315576995947,6100102
52.4593977_13.3422105,6100210
52.4616459_13.3442391,6100210
52.4500274_13.333796,6100206
52.4347654_13.3480509,6200313
52.4381156_13.3310791,6200312
52.4562173_13.3155658,6100101
52.46701285_13.33603607943699,6100209
52.43900325_13.316448257349323,6300630
52.4195137_13.2988989,6300631
52.4536024_13.327786619326876,6100207
52.45548_13.3319955,6100208
52.42978615_13.344468074329214,6200315
52.4580908_13.3128366,6100101
52.4546679_13.309981259192204,6100101
52.42122785_13.342537629319237,6200317
52.4242268_13.297292966337109,6300632
52.44283345_13.302788546973757,6300633
52.463328_13.3157634,6100102
52.4131478_13.3278295,6200423
52.41179545_13.321201578770308,6200423
52.426094_13.332060200905774,6200422
52.41079895_13.307964306457272,6200420
52.4394728_13.3422332,6200312
52.41514425_13.330535442762358,6200423
52.461387_13.3181424,6100102
52.4263217_13.294846425472867,6300632
52.4375342_13.30515015619792,6300633
52.436655650000006_13.315604934840051,6300630
52.4383991_13.3308914,6200312
52.4636092_13.3162168,6100102
52.433013_13.3465771,6200313
52.4506516_13.3219367,6100207
52.43246915_13.343399022189873,6200314
52.4544109_13.3294278,6100208
52.4325399_13.3024254,6300634
52.4668236_13.3190766,6100103
52.45154535_13.34468435200696,6100204
52.4532071_13.336732,6100208
52.4669292_13.3193138,6100103
52.43140735_13.289430412476008,6300632
52.4293831_13.351825,6200315
52.4444506_13.2912619,6300629
52.4524822_13.32196186842586,6100207
52.43216515_13.30912366578202,6300633
52.45844755_13.308565715463416,6100101
52.4182612_13.2871069,6300632
52.4275245_13.313248852195446,6200421
52.43506635_13.305917576822267,6300633
52.4222883_13.3582799,6200317
52.4485651_13.3451047,6100205
52.42917145_13.33843702370128,6200314
52.42392795_13.313696997531515,6200421
52.44048975_13.350397137996088,6200313
52.4541945_13.3278467,6100207
52.4614011_13.3206339,6100102
52.45884475_13.31463471020992,6100101
52.41685045_13.323580883944896,6200423
52.4394589_13.3537883,6200311
52.4475847_13.32750611611906,6100206
52.4295026_13.3320663,6200314
52.450026_13.34856,6100204
52.4202807_13.3076495,6200420
52.4309554_13.3360514,6200314
52.41309925_13.313470542946147,6200419
52.4456706_13.315749202865613,6300630
52.4537791_13.3239088,6100207
52.41201155_13.31388191909676,6200419
52.4567098_13.3271005,6100208
52.4128597_13.324278799008813,6200423
52.4168831_13.3376436,6200422
52.42672155_13.339977990688348,6200314
52.4391789_13.315785973322852,6300633
52.41699115_13.265134669814929,6300528
52.4479557_13.3062633,6300629
52.4474354_13.3452121,6100205
52.450844_13.3575369,6100204
52.41979665_13.295529474296382,6300631
52.4330977_13.3288201,6200421
52.4297082_13.3274377,6200421
52.4834822_13.340775,7200308
52.4720679_13.3401502,7300618
52.4684305_13.336563162514594,7300618
52.4721217_13.3287301,7300517
52.4935829_13.3503378,7100204
52.4835816_13.3503388,7200409
52.4767411_13.3258251,7300515
52.4892319_13.368865985624,7100206
52.4829389_13.339450028611008,7200308
52.4997114_13.3591744,7100103
52.4803127_13.3615551,7200413
52.4908568_13.361853715398434,7100206
52.4570709_13.3578348,7400822
52.458264150000005_13.363429403293122,7400822
52.49028235_13.3416559485195,7200307
52.47107175_13.346922927299376,7300619
52.4967277_13.3644941,7100205
52.4815235_13.3534402,7200410
52.4885833_13.35623915867134,7200409
52.4919516_13.3521973,7100204
52.4879918_13.3551888,7200409
52.47625265_13.33394853428548,7300517
52.468149100000005_13.321150576295892,7300516
52.4820394_13.358871,7200413
52.4825815_13.34777,7200409
52.47105855_13.327096880178422,7300516
52.4667012_13.3450716,7300619
52.491385_13.3652945,7100206
52.4892037_13.3509784,7200409
52.4743579_13.337091200921051,7300517
52.4826809_13.3471333,7200409
52.4952462_13.353652593421248,7100102
52.4852934_13.3655745,7200414
52.4685466_13.3438883,7300619
52.47229775_13.33143257349222,7300517
52.477026_13.3299062,7300517
52.46082_13.3663376,7400822
52.487311_13.3609248,7200411
52.486585_13.3625533,7200414
52.4944603_13.3671258,7100205
52.481179_13.3591668,7200413
52.4645517_13.3428147,7300619
52.4831416_13.3558827,7200410
52.4816202_13.3539288,7200410
52.4835299_13.3545871,7200410
52.4922958_13.3664991,7100206
52.4933305_13.3527394,7100204
52.4931749_13.3549499,7100204
52.4936688_13.363974,7100205
52.4809538_13.3627718,7200413
52.4961755_13.3431855,7100101
52.4829614_13.3604194,7200413
52.4724917_13.3401726,7300618
52.4832642_13.3623053,7200413
52.4860116_13.3671465,7200414
52.464582_13.3428997,7300619
52.483721_13.3629338,7200413
52.4966815_13.3395374,7100101
52.4715667_13.3387417,7300618
52.4947726_13.3499767,7100102
52.49307335_13.351915398026318,7100204
52.4758402_13.326046,7300515
52.4875046_13.3503706,7200409
52.4663718_13.340434,7300619
52.4876929_13.3526157,7200409
52.494744_13.3393693,7100101
52.4710074_13.3281238,7300516
52.4752962_13.3331035,7300517
52.4902172_13.346211,7100204
52.4868694_13.342598,7200307
52.4946954_13.3608184,7100103
52.4700467_13.3210782,7300516
52.4765947_13.3291986,7300517
52.4766282_13.3287743,7300517
52.4888508_13.3577042,7200409
52.4947135_13.3415785,7100101
52.4715571_13.3382798,7300618
52.499059_13.3416183,7100101
52.4744996_13.3355502,7300517
52.4698739_13.3370844,7300618
52.4916763_13.3513973,7100204
52.4854372_13.3376986,7200308
52.4798252_13.3476097,7200308
52.4686047_13.3489895,7300619
52.48806585_13.365129659759631,7200414
52.4802748_13.347973229245971,7200308
52.4834326_13.3631346,7200413
52.47880635_13.346305297142017,7200308
52.46994445_13.322399609678538,7300516
52.48786_13.352589,7200409
52.4811927_13.3601181,7200413
52.4663746_13.3334175,7300618
52.4838442_13.3538705,7200410
52.5010434_13.3382831,7100101
52.4988486_13.3406352,7100101
52.4713478_13.329998332646664,7300517
52.4973311_13.3474095,7100102
52.4932949_13.3511984,7100204
52.4697893_13.3388031,7300618
52.47381735_13.335618023105134,7300517
52.4786003_13.3475822,7200308
52.4946211_13.3599989,7100103
52.5013114_13.3562252,7100103
52.4912079_13.3566365,7100204
52.4865558_13.3649442,7200414
52.4757444_13.3383631,7300517
52.4726513_13.3245907,7300515
52.4694815_13.3306138,7300516
52.4689684_13.3300046,7300516
52.4890267_13.3493273,7200409
52.466434_13.3345537,7300618
52.4857627_13.3633572,7200414
52.4792962_13.3502442,7200308
52.4854946_13.3636307,7200414
52.47439_13.340787,7300618
52.4881329_13.367740220052948,7200414
52.4976245_13.33816,7100101
52.4704594_13.3400751,7300618
52.4766202_13.3296456,7300517
52.4919632_13.3372219,7200307
52.4703555_13.3260583,7300516
52.4738333_13.34289162543186,7300618
52.4897379_13.3716045,7100206
52.4977712_13.352642,7100102
52.4923957_13.3670091,7100206
52.4888123_13.348987,7200409
52.4975697_13.3386027,7100101
52.407507_13.3572307,7601341
52.4777831_13.3604996,7200412
52.4723716_13.3359685,7300517
52.4852716_13.3471147,7200409
52.4772737_13.3347968,7300517
52.46053825_13.36251442662504,7400822
52.4823189_13.3426401,7200308
52.4774452_13.3589106,7200412
52.4767054_13.3609594,7200412
52.472713_13.336037397483842,7300517
52.4835313_13.3769248,7400720
52.4631064_13.37768795,7400824
52.4533733_13.36904258791705,7400826
52.46211649999999_13.417879837844715,7400928
52.4412245_13.387767334035878,7501031
52.4475248_13.37965670670539,7501030
52.42131585_13.36842418253477,7601236
52.41600945_13.36697022830402,7601237
52.449171750000005_13.372554286619582,7501029
52.3926981_13.4042581,7601544
52.4231213_13.4000519,7501134
52.39696475_13.415210723102454,7601443
52.4104525_13.3576028,7601340
52.3921853_13.418020807731423,7601545
52.4419154_13.38820205,7501031
52.43275545_13.38371911020242,7501133
52.46802985_13.389119075360362,7400927
52.461176_13.378649531259484,7400824
52.392030950000006_13.411387878910872,7601545
52.4818508_13.3769116,7400720
52.46350405_13.391745362727896,7400927
52.4220132_13.3956115,7501135
52.4168629_13.369536959812422,7601237
52.4445766_13.3793872,7501029
52.4475396_13.4033249,7501032
52.476841_13.375504,7400721
52.4236183_13.3710138,7601236
52.4450599_13.383880164050057,7501030
52.461932450000006_13.391380282081002,7400927
52.41653264999999_13.350096823035871,7601236
52.4612839_13.3778202,7400824
52.44471485_13.408399251703074,7501032
52.39370925_13.41735956002541,7601545
52.3941599_13.420821811596078,7601545
52.39460165_13.422273637168946,7601545
52.39432165_13.418854293125,7601545
52.4581464_13.3698555,7400823
52.4097587_13.3541342,7601340
52.4585118_13.3823433,7400825
52.4578588_13.385928,7400927
52.4578184_13.3863893,7400927
52.408637_13.4028599,7601442
52.3991495_13.4169124,7601443
52.445821_13.3680111,7501029
52.3837472_13.3998094,7601544
52.43864475_13.381488296637604,7501133
52.4137157_13.3610317,7601236
52.4647616_13.3765129,7400823
52.4547941_13.3835708,7400825
52.4071351_13.3492592,7601339
52.39279395_13.410998408620808,7601545
52.3928542_13.410233158545523,7601545
52.38399365_13.38822246453352,7601546
52.485016_13.3860377,2200209
52.4072367_13.409477935940764,7601443
52.39557745_13.406049499747974,7601442
52.4081912_13.3556886,7601341
52.3853393_13.4057689,7601547
52.4468646_13.3988515,7501031
52.4581861_13.3745147,7400823
52.4725269_13.3845523,7400721
52.4596231_13.3787327,7400825
52.4265415_13.4046235,7501134
52.4569827_13.3822392,7400825
52.4556659_13.3831259,7400825
52.38607025_13.398459067513574,7601544
52.4582348_13.3739482,7400823
52.4052565_13.402208279702895,7601442
52.4771491_13.373907654823746,7400720
52.4131335_13.3501546,7601340
52.4632185_13.3819998,7400824
52.4117186_13.4061054,7601443
52.424731_13.3706393,7601236
52.4758679_13.3376509,7300517
52.4235663_13.3832557,7601238
52.3888057_13.3858016,7601546
52.4650305_13.3770336,7400823
52.39393525_13.42022615097448,7601545
52.4585292_13.3819861,7400825
52.4581897_13.3817355,7400825
52.4553142_13.3811104,7400825
52.4652155_13.383499,7400824
52.443023_13.3832386,7501030
52.44856_13.361987481745048,7400826
52.47715005_13.374092877531666,7400720
52.4598501_13.3769063,7400825
52.4595639_13.3791987,7400825
52.4134308_13.3673267,7601237
52.3784968_13.4113009,7601547
52.446011_13.3821273,7501030
52.4831066_13.3826359,7400720
52.4443185_13.3714169,7501029
52.45727875_13.382800753636737,7400825
52.4848442_13.382564,7400720
52.423720450000005_13.395539313531906,7501135
52.4601155_13.3770369,7400824
52.4669236_13.3798706,7400824
52.4739526_13.3718634,7400720
52.40830315_13.409135647540186,7601443
52.46110865_13.41598484235669,7400928
52.4551538_13.3805236,7400825
52.4479122_13.3818411,7501030
52.38631995_13.411428220911208,7601548
52.456755650000005_13.379383014977222,7400825
52.41488825_13.345160769110578,7601339
52.40887115_13.417818338366468,7601443
52.4142845_13.3615353,7601236
52.4730116_13.3851064,7400721
52.4011736_13.409831799761012,7601443
52.4081805_13.3590437,7601341
52.3955018_13.3931878,7601544
52.4150238_13.4004769,7601442
52.4655404_13.388484287534506,7400927
52.4859468_13.372181,7200414
52.44024005_13.389478041639862,7501134
52.3938701_13.39725061355252,7601544
52.457721250000006_13.38234229695884,7400825
52.40112935_13.407467710521562,7601443
52.39373045_13.4220239326899,7601545
52.4115866_13.3606326,7601340
52.4133868_13.3641416,7601237
52.44780925_13.376910272877616,7501029
52.4582069_13.3858049,7400927
52.43939155_13.38418180478377,7501133
52.4097095_13.4063397,7601443
52.448042_13.3815893,7501030
52.4150261_13.3591641,7601236
52.4920156_13.3827185,2200209
52.4378997_13.3814349,7501133
52.4131586_13.3536962,7601340
52.3788458_13.4152071,7601547
52.4401789_13.3932764,7501134
52.3978021_13.3960392,7601442
52.417810200000005_13.36645269022463,7601236
52.42654955_13.393967233081394,7501133
52.4431439_13.4010103,7501032
52.48194805_13.401679139576908,7400721
52.4565938_13.3939414,7400927
52.4395477_13.4097596,7501032
52.475197_13.4379958,8100207
52.4765769_13.4360821,8100207
52.479994_13.4407167,8100415
52.4688281_13.4698871,8100521
52.47786175_13.419489735009371,8100102
52.4897302_13.435273617562828,8100312
52.474828200000005_13.441283230348043,8100416
52.4410727_13.4524819,8200727
52.4569611_13.434391083941469,8200624
52.4407902_13.4419616,8200727
52.4219937_13.4817268,8301037
52.4203301_13.472852856874772,8301036
52.4866953_13.447704213037063,8100419
52.422337850000005_13.455648412864956,8200833
52.42826475_13.480705369637755,8401241
52.4844724_13.4288219,8100314
52.4192233_13.507643449250892,8401243
52.4653306_13.4248146,8100105
52.465372_13.4307765,8100105
52.44210025_13.445481804700629,8200727
52.4663073_13.4738265,8100521
52.4211276_13.437299916893778,8200832
52.4769949_13.4281132,8100207
52.487623_13.4347677,8100312
52.47212825_13.447191902262423,8100417
52.477164_13.4529451,8100418
52.4547115_13.4440417,8200623
52.4749213_13.4258708,8100103
52.4744835_13.4219336,8100103
52.44824255_13.436847497027966,8200726
52.4767753_13.4446248,8100416
52.4417307_13.446279284063236,8200727
52.484601_13.436391479978123,8100312
52.428274_13.4559125,8300934
52.4640374_13.43952227946222,8100209
52.4727289_13.441420589583334,8100416
52.4300764_13.472438197542886,8301036
52.491109_13.4319957,8100310
52.4201086_13.51482434300802,8401246
52.4660065_13.4718015,8100521
52.4498889_13.440411181203665,8200726
52.4182018_13.493088753368802,8401243
52.4400496_13.447826379461944,8200727
52.4773477_13.4359902,8100207
52.42430615_13.462778230655577,8300935
52.48862715_13.43088256843282,8100311
52.4733727_13.4511656,8100417
52.4161698_13.488880092228106,8401242
52.4872254_13.4328464,8100312
52.48339_13.4337644,8100314
52.4859222_13.4229958,8100101
52.486534_13.4361334,8100312
52.4517815_13.45109882228146,8200726
52.4912029_13.4279479,8100311
52.4840895_13.4272745,8100206
52.4916971_13.4333237,8100310
52.4749776_13.4231445,8100103
52.421001_13.487946,8401242
52.4660175_13.4335086,8100209
52.4274753_13.4668386,8300934
52.4888283_13.4268487,8100311
52.4728597_13.4504794,8100417
52.4856684_13.433292,8100312
52.4170041_13.4033311,8200831
52.4720529_13.444212693397466,8100416
52.482143_13.4302581,8100206
52.4115534_13.5122786,8401246
52.4884304_13.4381943,8100312
52.4770985_13.4199359,8100102
52.4804748_13.4464375,8100418
52.4695447_13.432945,8100208
52.4707376_13.4383643,8100208
52.479618_13.4230539,8100102
52.4696478_13.4249344,8100104
52.4866199_13.4310092,8100312
52.4693755_13.4315902,8100208
52.477488_13.4214499,8100102
52.4415708_13.4617975,8401140
52.4865412_13.4338792,8100312
52.4929235_13.4278132,8100310
52.4674814_13.4236419,8100104
52.4694904_13.4342539,8100208
52.4828483_13.4233486,8100101
52.486623_13.4362937,8100312
52.4787482_13.4227995,8100102
52.4267784_13.4339757,8200832
52.41564565_13.411047133431232,8200831
52.4097371_13.476304398152632,8401242
52.4403364_13.4684049,8401140
52.4820939_13.4429705,8100418
52.4884014_13.4271321,8100311
52.4714347_13.4473701,8100417
52.44130095_13.424686168992215,8200729
52.45722815_13.440179304384344,8200623
52.4875298_13.4318558,8100312
52.4835559_13.428743,8100206
52.4835549_13.4218614,8100101
52.4809515_13.4334085,8100206
52.466278_13.436355,8100209
52.4742134_13.4247174,8100103
52.4820519_13.4437984,8100418
52.4905943_13.4322452,8100310
52.4811906_13.4440257,8100418
52.483889_13.4222825,8100101
52.469305_13.4363526,8100208
52.4700708_13.4286629,8100104
52.4738143_13.4470745,8100416
52.4741524_13.4512378,8100417
52.4822606_13.4235254,8100101
52.40282225_13.509858391579655,8401245
52.4039533_13.503857751169848,8401245
52.4385678_13.435710935361987,8200730
52.4182763_13.415952,8200831
52.4648444_13.4390055,8100209
52.4702073_13.4381032,8100208
52.4172218_13.4018123,8200831
52.4860581_13.4386929,8100312
52.4713888_13.4318312,8100208
52.4647556_13.4382465,8100209
52.42430145_13.46605049692636,8301036
52.4629449_13.4366217,8200622
52.4717455_13.44757089160354,8100417
52.423053_13.449612951088591,8200833
52.4173213_13.4294208,8200832
52.4202902_13.4996488,8401243
52.4066042_13.50643049700588,8401244
52.4784557_13.4404139,8100415
52.4843168_13.436116360988851,8100312
52.446764_13.4610845,8200728
52.4631308_13.4336342,8100105
52.475111_13.4491094,8100416
52.48346685_13.455766263630572,8100419
52.4696466_13.4263961,8100104
52.446479_13.4424316,8200726
52.4219506_13.4049812,8200831
52.4759935_13.4645413,8100520
52.4307833_13.4507382,8300935
52.42703265_13.456087461986677,8300935
52.4149635_13.421305909898368,8200832
52.42304425_13.47819878414586,8301037
52.4759863_13.4248664,8100102
52.4185519_13.4163517,8200831
52.4665176_13.4367064,8100209
52.4855187_13.4233721,8100101
52.4764623_13.4389656,8100207
52.4839188_13.4426221,8100312
52.4696923_13.4358495,8100208
52.4700952_13.4262336,8100104
52.4653324_13.4735729,8100521
52.4711872_13.4308868,8100208
52.4746618_13.4245805,8100103
52.4952317_13.4223161,8100310
52.4808105_13.4407776,8100415
52.4037743_13.5058003,8401245
52.4698216_13.4307606,8100208
52.4746915_13.423788,8100103
52.4676463_13.4246216,8100104
52.4865347_13.4269761,8100314
52.4662812_13.4385724,8100209
52.439061_13.4407673,8200727
52.4409416_13.4200742,8200725
52.4755188_13.441076,8100416
52.4890023_13.4409104,8100313
52.4762581_13.4473151,8100415
52.4905944_13.4292483,8100311
52.4278642_13.47957363363931,8401241
52.4248325_13.4630587,8300935
52.4538336_13.4383954,8200623
52.4758273_13.4255629,8100103
52.4608748_13.4339945,8200624
52.4708123_13.4460123,8100417
52.4613968_13.4460649,8200622
52.4709093_13.4398188,8100208
52.4183181_13.498231296925532,8401243
52.42113055_13.43103254085839,8200832
52.4795927_13.4221445,8100102
52.4733643_13.4406035,8100208
52.4620393_13.4456609,8200622
52.4782606_13.4394136,8100415
52.4651803_13.4396831,8100209
52.4947283_13.42389,8100310
52.470038_13.4257244,8100104
52.4608394_13.4336888,8200624
52.4828526_13.4421794,8100418
52.4379625_13.4476531,8200727
52.4827559_13.4540516,8100419
52.467384_13.4222788,8100104
52.4920123_13.4261841,8100310
52.4601743_13.43618,8200622
52.4819926_13.4272648,8100206
52.4802058_13.4255151,8100206
52.4848181_13.430501,8100314
52.4737841_13.4501045,8100417
52.4827552_13.4459999,8100418
52.4306323_13.4694171,8300934
52.4501841_13.4368748,8200624
52.4674533_13.4228983,8100104
52.4773819_13.4362429,8100207
52.4648757_13.4777407,8100521
52.43427_13.454605,8300934
52.4238442_13.4826011,8301037
52.4262679_13.4444243,8200730
52.4034381_13.507966,8401245
52.422757_13.4743349,8301037
52.4179232_13.49572696408815,8401243
52.4573359_13.4362635,8200624
52.4203127_13.5033271,8401243
52.4803018_13.4561465,8100419
52.4761855_13.4330645,8100207
52.4644325_13.4381538,8100209
52.4720554_13.4311791,8100208
52.48476565_13.431659979914588,8100314
52.4520812_13.4388598,8200726
52.4919831_13.4323321,8100310
52.4711598_13.4306469,8100208
52.4901638_13.4281335,8100311
52.4824344_13.427237,8100206
52.4636418_13.4272525,8100105
52.4159915_13.480127649999996,8401242
52.4309335_13.4539439,8300934
52.4638948_13.4247691,8100105
52.4255625_13.4631246,8300935
52.4255825_13.4422368,8200730
52.4265028_13.435489303657096,8200730
52.4784083_13.4413622,8100416
52.4332281_13.4661958,8401139
52.4806882_13.4384079,8100415
52.4793348_13.4457039,8100418
52.4303704_13.4941948,8401243
52.4776073_13.4224341,8100102
52.4767744_13.4393379,8100416
52.4882027_13.412172,8100101
52.4785654_13.4482241,8100418
52.4503661_13.437668845161824,8200726
52.4434132_13.4339995,8200727
52.4740764_13.4497733,8100417
52.4208426_13.4743289,8301037
52.4169661_13.4227844,8200832
52.4748685_13.425397,8100103
52.4295517_13.468876,8300934
52.4861617_13.436734,8100312
52.4447275_13.5284906,9200614
52.4095613_13.5348989,9300923
52.4686851_13.4913501,9100305
52.479666300000005_13.48062334567067,9100203
52.4926572_13.4570088,9100101
52.4629472_13.486539724680792,9100304
52.405942_13.538714789314565,9300923
52.448186_13.5104603,9100408
52.49428535_13.459182599685375,9100101
52.4382925_13.54738520691554,9200716
52.43921805_13.5429470668189,9200716
52.4280611_13.54313438373186,9200715
52.4172307_13.5802852,9301126
52.4038273_13.5698641,9301024
52.4117909_13.5714818,9301024
52.4525189_13.5217028,9200613
52.4380232_13.5002604,9100407
52.4528763_13.5054203,9100407
52.4070635_13.5294248,9300922
52.4938544_13.458087579150764,9100101
52.4859306_13.4688748,9100101
52.4899254_13.4477675,9100101
52.4516085_13.541139,9200614
52.4196317_13.538836302204492,9300920
52.41727555_13.549508910731763,9300920
52.39943385_13.525992709974464,9300922
52.46269255_13.48749325146673,9100304
52.3998775_13.5818856,9301025
52.4516628_13.5420056,9200614
52.4024912_13.5386481,9300923
52.40142355_13.540235078331223,9300923
52.4019075_13.5688147,9301025
52.4476509_13.6344782,9501737
52.4037288_13.5811587,9301025
52.4088467_13.541401853137836,9300923
52.4141511_13.528349796468309,9300920
52.4495587_13.5080726,9100408
52.4517828_13.520189,9200613
52.4770611_13.4817363,9100203
52.4752035_13.4753593,9100203
52.4377473_13.556454,9200717
52.46766345_13.47688538675061,9100304
52.42142255_13.533323408312356,9300920
52.438248650000006_13.499392126429631,9100407
52.4503044_13.530046,9200614
52.43419315_13.549432800876543,9200716
52.4365966_13.5512056,9200717
52.48544_13.4643078,9100202
52.4683755_13.4933329,9100305
52.4386118_13.510585814935808,9100409
52.3960951_13.5664111,9301025
52.42083495_13.536627371913188,9300920
52.486267_13.4652277,9100202
52.4913609_13.4473719,9100101
52.44545185_13.509298516048892,9100408
52.4043458_13.5293307,9300922
52.4893245_13.4541859,9100101
52.4672163_13.4851434,9100304
52.4652536_13.49107,9100304
52.4423807_13.5019419,9100408
52.44944435_13.50410882278788,9100407
52.4219104_13.53820820067985,9300920
52.44766375_13.531609824889982,9200614
52.4350142_13.5344263,9200715
52.41948825_13.542361304892012,9300920
52.407508_13.5663178,9301024
52.4892199_13.45465,9100101
52.4045975_13.5259471,9300922
52.4493078_13.5118055,9100408
52.4212857_13.53960792041268,9300920
52.4661201_13.4885119,9100304
52.4359331_13.5477037,9200716
52.4325199_13.527451097408209,9200715
52.4689043_13.4907883,9100305
52.4637155_13.480037,9100304
52.4580339_13.5110693,9200613
52.4623843_13.4810283,9100304
52.4663183_13.4852808,9100304
52.4893106_13.4509119,9100101
52.4578844_13.5115788,9200613
52.4870629_13.4512118,9100101
52.43031495_13.512544552952086,9100409
52.4372706_13.5466224,9200716
52.4688548_13.4900871,9100305
52.4572536_13.510982,9200613
52.4399753_13.5052972,9100408
52.4016125_13.5262497,9300922
52.4399074_13.5025558,9100408
52.3979773_13.587529,9301025
52.4431095_13.5011234,9100407
52.4464381_13.5258134,9200614
52.4556687_13.5123034,9200613
52.4365341_13.5276676,9200715
52.419383_13.5430305,9300920
52.41605_13.533685891690553,9300920
52.4167277_13.5307351,9300920
52.4358014_13.5084244,9100409
52.4538642_13.5167435,9200613
52.4487332_13.5123474,9100408
52.4584655_13.5121863,9200613
52.455247_13.4721829,9100306
52.4580228_13.511759,9200613
52.4361817_13.5246424,9200715
52.4355011_13.5476095,9200716
52.4056347_13.5863584,9301126
52.4405702_13.6031221,9401433
52.4515705_13.5824337,9501941
52.41059885_13.66362472882108,9401635
52.4580735_13.540560966282769,9200512
52.45070245_13.625601552392448,9501737
52.42908615_13.596035709115196,9401329
52.4521615_13.5789187,9501941
52.46247595_13.58845882733958,9502042
52.43689505_13.722336969747206,9501838
52.464879550000006_13.518818716084898,9200511
52.4269012_13.5920107,9401329
52.4392889_13.6884415,9501838
52.4612376_13.5788054,9502043
52.4374907_13.5633481,9200819
52.4181699_13.590130747472706,9401330
52.4547957_13.6286974,9501737
52.4489083_13.5665521,9200818
52.4643835_13.5144915,9200511
52.4434908_13.5617241,9200819
52.4421849_13.5902939,9401431
52.4546646_13.6207838,9501737
52.4429977_13.562257541404673,9200819
52.4344943_13.7030902,9501838
52.4539554_13.6006349,9501736
52.4421661_13.5776314,9401534
52.462143_13.5931794,9502042
52.41738525_13.581570399067257,9301126
52.4438837_13.5912277,9401431
52.4486836_13.6206938,9501737
52.3755054_13.649907932389794,9301228
52.4524095_13.5750355,9501941
52.4634195_13.5229624,9200511
52.4541992_13.5723615,9501939
52.4411929_13.70234628937778,9501838
52.4439881_13.5658692,9200819
52.4571922_13.541604944820456,9200512
52.4664518_13.5093039,9200510
52.4489953_13.621464649073284,9501737
52.4445662_13.5820402,9401534
52.4662436_13.5801382,9502043
52.4272736_13.727879,9501838
52.4365951_13.698381382311515,9501838
52.4154503_13.579693852597607,9301126
52.45283245_13.62676763414816,9501737
52.3761319_13.647313593567317,9301228
52.42803705_13.5950610468846,9401329
52.4534451_13.6206283,9501737
52.3957159_13.6312896,9301227
52.4538189_13.6240972,9501737
52.4533579_13.6195513,9501737
52.443833_13.5645953,9200819
52.44499865_13.57749772308312,9401534
52.4429252_13.5822237,9401534
52.444295_13.5805541,9401534
52.4601533_13.5230146,9200511
52.4557267_13.5532563,9200512
52.4411962_13.6063158,9401433
52.4659265_13.544347,9200512
52.45645095_13.62367403385861,9501737
52.4552078_13.5803381,9501940
52.45122685_13.571037657762176,9501939
52.4462461_13.57779161033783,9401534
52.4539116_13.5679252,9501939
52.4636454_13.5762343,9502043
52.4650292_13.5137369,9200510
52.4582949_13.5740259,9501939
52.4595132_13.5283709,9200511
52.4155322_13.6586461,9401635
52.464318_13.511253,9200510
52.4667522_13.5435417,9200512
52.4379312_13.7217011,9501838
52.4541929_13.5785387,9501940
52.4610229_13.5208452,9200511
52.4428439_13.5688381,9200819
52.4560407_13.6110849,9501736
52.4621689_13.5157432,9200511
52.4384835_13.7201841,9501838
52.4224211_13.5762886,9301126
52.4202316_13.7212813,9501838
52.4597719_13.5238806,9200511
52.4414035_13.5847176,9401534
52.4594122_13.527862,9200511
52.415643200000005_13.655130930165168,9401635
52.4452034_13.578077708932112,9401534
52.4527331_13.56991,9501939
52.4360266_13.5471635,9200716
52.4238852_13.576509843667653,9301126
52.4380549_13.5824475,9401329
52.45560985_13.581063998985286,9501940
52.449278750000005_13.562963821108736,9200818
52.4430485_13.5679549,9200819
52.4176688_13.5814663,9301126
52.4673527_13.5072092,9200510
52.456249_13.6188327,9501736
52.4544452_13.6240273,9501737
52.3760116_13.6502466,9301228
52.4273478_13.739626687478385,9501838
52.4229192_13.5905114618063,9401329
52.542386_13.5732426,10100316
52.5419374_13.5726575,10100316
52.52760595_13.544478299584387,10100312
52.5019456_13.5700742,10300734
52.51220605_13.551539446456742,10300733
52.5377749_13.5424766,10100313
52.5279046_13.5460889,10100312
52.5632811_13.5768602,10100104
52.5322711_13.5555229,10300731
52.5704809_13.5713231,10100102
52.5554771_13.5774106,10100207
52.52625325_13.57315344708798,10300732
52.5104776_13.5485334,10300733
52.567768650000005_13.54890018904247,10100101
52.5467126_13.560969,10100210
52.5671543_13.5799278,10100104
52.5058076_13.5529146,10300733
52.5142621_13.56757345160676,10300732
52.53289624999999_13.54192111362596,10100312
52.5052929_13.560878,10300733
52.5526895_13.5585967,10100208
52.5641683_13.563984287944663,10100103
52.5264638_13.5331282,10100311
52.5148476_13.5554567,10300731
52.5320443_13.5438111,10100312
52.557629_13.5655493,10100206
52.5599223_13.5663645,10100206
52.5723062_13.5682111,10100102
52.5506741_13.567542136951689,10100209
52.54544735_13.552303283290158,10100210
52.5282035_13.554041050310053,10300731
52.5218506_13.555916,10300731
52.534701_13.5496599,10100314
52.53467485_13.567607577197345,10300732
52.5497649_13.5649556,10100209
52.5276251_13.5433593,10100312
52.5338971_13.5729594,10300732
52.5450637_13.575003,10100316
52.5686033_13.5726995,10100102
52.5532203_13.5426619,10100205
52.5370419_13.561678,10100315
52.5373465_13.534461797756762,10100311
52.49014755_13.562891861810613,10300734
52.5279006_13.5453679,10100312
52.5373782_13.6066724,10200421
52.5266229_13.5746087,10300732
52.5649045_13.5663406,10100103
52.5101299_13.5558958,10300733
52.54318185_13.562981540992348,10100313
52.545765_13.5464412,10100210
52.5462425_13.5614772,10100210
52.5234193_13.573192749581525,10300732
52.5689627_13.5612984,10100101
52.5536137_13.579836,10100207
52.572559600000005_13.575969801034644,10100104
52.5653363_13.57548724532473,10100104
52.5488378_13.5625846,10100209
52.5583134_13.5583632,10100206
52.5547648_13.555123312928126,10100208
52.52456435_13.545086149035011,10100312
52.5568299_13.5726385,10100206
52.5432133_13.5684556,10100315
52.5525271_13.5704749,10100209
52.5656135_13.577896,10100104
52.5370053_13.5554618,10100314
52.5471763_13.54824,10100210
52.5020728_13.564501762224792,10300734
52.492973250000006_13.563325487318476,10300734
52.5556609_13.5610515,10100208
52.5334447_13.5419471,10100312
52.52885705_13.54799228541419,10100312
52.5507435_13.5462884,10100205
52.5558583_13.558992,10100208
52.55783975_13.556903901402375,10100206
52.5207505_13.565205887710343,10300732
52.5205501_13.407177956887224,1100310
52.5161739_13.5806139,10200629
52.5223977_13.5842296,10200629
52.48261694999999_13.605935757661197,10400941
52.5231922_13.5952344,10200630
52.5272094_13.5965484,10200628
52.5200782_13.5983785,10400835
52.5365722_13.5889915,10200420
52.5395657_13.6013609,10200419
52.525492150000005_13.617161795360245,10400835
52.5412037_13.585394999999998,10200418
52.546522800000005_13.588368455560005,10200417
52.4830771_13.6052258,10400941
52.5455043_13.6007686,10200417
52.5305873_13.6056432,10200526
52.5156173_13.58768849961941,10400835
52.4858037_13.5803516,10400837
52.5093962_13.6164868,10400939
52.5016921_13.6092451,10400940
52.4731689_13.6059421,10400941
52.5282254_13.617973,10200525
52.4916549_13.6176325,10400941
52.5284604_13.616854,10200525
52.5320026_13.6072718,10200526
52.5081515_13.5807058,10400836
52.5157878_13.599169,10400835
52.5102645_13.5775613,10400836
52.53896855_13.614553179322174,10200423
52.5420917_13.6105855,10200422
52.5377629_13.6177473,10200524
52.5197387_13.5806293,10200629
52.5343726_13.6088029,10200524
52.5398963_13.6000277,10200420
52.54235515_13.593544475216966,10200418
52.5250279_13.5923593,10200628
52.53173025_13.593026353384266,10200628
52.4945458_13.610666,10400941
52.5424651_13.6183193,10200423
52.5253352_13.593765543197726,10200628
52.5459451_13.5936275,10200417
52.5456985_13.5984632,10200417
52.53839045_13.6131854477421,10200423
52.5324343_13.6152139,10200524
52.5417258_13.623686662085658,10200423
52.5330414_13.603739,10200526
52.4930016_13.6131567,10400941
52.5135315_13.60836,10400938
52.5203167_13.639420399299311,10400938
52.52067825_13.627306007149295,10400938
52.5129744_13.5895498,10400835
52.522069_13.6461484,10400938
52.5435813_13.606703328020393,10200422
52.5402012_13.6058631,10200422
52.5087595_13.6091615,10400939
52.5414538_13.6062314,10200422
52.5204659_13.5849571,10200629
52.4842799_13.6089324,10400941
52.5072702_13.605631,10400939
52.500647_13.620044453599316,10400941
52.5301312_13.6085575,10200525
52.4749143_13.599544122940031,10400940
52.5108173_13.613864,10400939
52.4769622_13.6003334,10400940
52.5338331_13.5964015,10200628
52.5426711_13.6065803,10200422
52.5311981_13.60005741390887,10200526
52.5272766_13.609870205520792,10400835
52.48953095_13.57746874353575,10400837
52.52669805_13.585080289679716,10200627
52.5393359_13.603143254287286,10200419
52.514617_13.6027397121499,10400835
52.5320271_13.6027259,10200526
52.51228145_13.614959052306462,10400939
52.5148905_13.5823925,10200629
52.5334121_13.601911,10200526
52.5408399_13.606995,10200422
52.498831_13.5046635,11401136
52.49850395_13.510158995637427,11401136
52.4995917_13.4787163,11501238
52.5089037_13.5237414,11401034
52.50631255_13.478180396654857,11400927
52.4957608_13.506404,11401135
52.5183717_13.5020125,11300723
52.503734_13.5008492,11400929
52.4958418_13.5207908,11401137
52.5110043_13.4866138,11300826
52.4883268_13.5242302,11501339
52.4772507_13.51440378585091,11501341
52.4893082_13.522805502002845,11501339
52.4852215_13.5341228,11501340
52.5125767_13.49492222305936,11300725
52.5121293_13.4796827,11300826
52.5282499_13.461673348332894,11300618
52.5046063_13.5077333,11400930
52.4949276_13.5126934,11401135
52.5335924_13.4713584,11300616
52.5257211_13.476473,11300619
52.5068695_13.50861366236666,11400930
52.4914932_13.5348476,11501340
52.5120637_13.5136066,11401032
52.5181535_13.482128887976309,11300722
52.5098181_13.4802794,11300826
52.51254695_13.526861273740332,11401033
52.4792914_13.5211344,11501341
52.5051212_13.4971954,11400929
52.51525925_13.491145909461714,11300724
52.48120575_13.520460330448064,11501341
52.51014_13.4793289,11300826
52.501417450000005_13.481239854878048,11400928
52.5041668_13.480933874253797,11400927
52.5070933_13.4949872,11400929
52.5301489_13.4812177,11300620
52.5309861_13.4812685,11300620
52.4974656_13.5119252,11401136
52.5087975_13.5159307,11400931
52.5251579_13.4747304,11300619
52.5172731_13.491297713796476,11300724
52.5268011_13.4697393,11300619
52.5041205_13.4966343,11400929
52.52810445_13.508986119451563,11300721
52.4811586_13.521192897012105,11501341
52.48235915_13.519708563184508,11501341
52.5063701_13.5138707,11400931
52.4946633_13.4864587,11501238
52.4903448_13.5123733,11501339
52.5021223_13.4888762,11400929
52.5022879_13.48119,11400928
52.4847554_13.52256998338214,11501339
52.4987313_13.5021866,11401136
52.5160473_13.500725513650048,11300725
52.5314744_13.4630161,11300616
52.50604_13.4949725,11400929
52.4808188_13.524132041404044,11501341
52.5068839_13.5035071,11400930
52.5057043_13.4776009,11400927
52.5328783_13.4840712,11300620
52.5141197_13.4994997,11300725
52.5062041_13.4951207,11400929
52.5021202_13.5091191,11401136
52.5034539_13.4818946,11400927
52.4811635_13.5283893,11501340
52.5263877_13.4774129,11300619
52.4798784_13.520809207130064,11501341
52.5254486_13.4656098,11300618
52.4788835_13.528864689290934,11501341
52.4798174_13.5144911,11501341
52.5286923_13.4690331,11300617
52.5247355_13.4823363,11300620
52.5057451_13.480392,11400927
52.4780623_13.5247118,11501341
52.5144445_13.4915423,11300724
52.5005253_13.4947365,11400929
52.5017251_13.50255004708711,11401136
52.5090054_13.5038275,11400929
52.5098203_13.5025656,11400929
52.4867675_13.5243787,11501339
52.4788428_13.5138621,11501341
52.4894521_13.5256726,11501339
52.5330292_13.468552196730716,11300616
52.5014362_13.4743157,11501238
52.52738815_13.476301218646045,11300617
52.5142794_13.4915007,11300724
52.4855691_13.5245876,11501339
52.52529545_13.471502963877338,11300619
52.4913599_13.5270267,11501339
52.52522915_13.48333845116674,11300620
52.51890555_13.49492988076214,11300723
52.51249495_13.528000611343083,11401033
52.5053042_13.4756421,11400927
52.48165295_13.519010099520212,11501341
52.52047_13.475878,11300722
52.5089216_13.4966849,11400929
52.4823822_13.5407807,11501340
52.4861099_13.527871411428572,11501340
52.4793012_13.524411510134872,11501341
52.5109926_13.5353708,11401033
52.505041_13.4900867,11400929
52.5147396_13.4810471,11300722
52.5248085_13.4830045,11300620
52.5007504_13.4936583,11400929
52.5072429_13.5037748,11400930
52.5177276_13.5065283,11300725
52.5142402_13.4966733,11300725
52.48022395_13.523764973396998,11501341
52.4818754_13.526971789372473,11501340
52.48205675_13.51548231266799,11501341
52.5072746_13.5228106,11401034
52.4938286_13.5080024,11401135
52.5106692_13.485405,11300826
52.5315274_13.5165944,11300721
52.57223615_13.512621204203151,11100206
52.5472897_13.5047185,11200411
52.5370409_13.5084351,11200515
52.5665825_13.5045081,11100307
52.56707325_13.498236676146192,11100308
52.5741984_13.499610668712252,11100307
52.5645578_13.5302208,11100203
52.5746392_13.515632841133346,11100101
52.56950845_13.537330812151652,11100102
52.5787636_13.4825134,11100101
52.572545_13.499949,11100307
52.5472565_13.5052434,11200411
52.5538715_13.5034767,11200410
52.5726802_13.5126654,11100206
52.53757935_13.476886148275872,11200512
52.53697655_13.494035948054472,11200514
52.5443977_13.4866535,11200512
52.5488453_13.4931873,11200512
52.5459863_13.5120933,11200411
52.551173250000005_13.510879318345784,11200410
52.5408928_13.48914550090624,11200513
52.5472507_13.4875461,11200512
52.5694635_13.5116237,11100205
52.5658026_13.5197833,11100204
52.5340979_13.4863492,11200514
52.5603153_13.511416,11100309
52.5698745_13.4944174,11100308
52.5703084_13.5443046,11100102
52.570586_13.5553032,11100102
52.55325365_13.503955084634413,11200410
52.564779_13.5204149,11100204
52.566618_13.5044836,11100307
52.5535709_13.51567,11200410
52.5366441_13.479299588322684,11200514
52.5650091_13.5283077,11100203
52.5698319_13.512893912585245,11100205
52.56734835_13.524218779599488,11100203
52.53749065_13.490992957495422,11200514
52.5494113_13.4953302,11200411
52.5601028_13.5129611,11100309
52.5716658_13.4932506,11100308
52.5736836_13.5065478,11100206
52.56751695_13.496003213648272,11100308
52.5698851_13.503265762848626,11100307
52.539198_13.5056794,11200515
52.5775395_13.504852945227103,11100206
52.5615783_13.5159498,11100309
52.5398381_13.4989372,11200513
52.56247645_13.527214544526617,11100204
52.5389782_13.4881149,11200513
52.5637849_13.513285836591637,11100309
52.55260575_13.49974882828678,11200410
52.5361568_13.501454184892443,11200514
52.5386472_13.4849311,11200513
52.53751125_13.47575836259066,11200512
52.57374155_13.52157545,11100101
52.5539835_13.5041082,11200410
52.5667907_13.5170899,11100204
52.5478302_13.511085472641328,11200411
52.5528434_13.5074286,11200410
52.5741533_13.5036944,11100206
52.5933545_13.329331889792872,12500926
52.5985524_13.3431242,12601134
52.58647735_13.32977172766035,12500930
52.5836899_13.32436812904757,12500930
52.60066025_13.353807013720711,12601134
52.6053176_13.3568658,12601134
52.60385285_13.344965303322372,12601031
52.59496995_13.348787637478884,12601235
52.592136_13.3572621,12601235
52.6003207_13.363369,12601133
52.60615345_13.340908071004131,12601031
52.5886635_13.276012,12200515
52.5979947_13.3058688,12500824
52.584920800000006_13.30468992966278,12500825
52.6049646_13.3200448,12500928
52.5759682_13.225045414569989,12400616
52.57734675_13.277585627,12200413
52.5830799_13.236409871157402,12400616
52.61484215_13.30238950295681,12400722
52.6326164_13.304210893476595,12400721
52.61394885_13.325552408983906,12400723
52.6124511_13.3054693,12400722
52.6100073_13.3368932,12601032
52.5694196_13.3645904,12100103
52.5692322_13.327149384996762,12200309
52.5633002_13.3762306,12100101
52.57170055_13.315859413516913,12200308
52.5713914_13.2721208,12200412
52.566239_13.3631312,12100204
52.6234752_13.2254937,12400617
52.6219799_13.293175802411874,12400722
52.5743653_13.3448866,12100206
52.5894651_13.2944334,12500824
52.56395885_13.354932928696442,12100204
52.6156989_13.3426291,12500929
52.580727_13.3358799,12500930
52.6028726_13.348898124077166,12601134
52.5697904_13.3757251,12100102
52.5863203_13.3034286,12500825
52.6359754_13.2964983,12400721
52.6173189_13.3119638,12400723
52.5920343_13.3301447,12500926
52.5756356_13.354339588880624,12100205
52.5780643_13.283458755877156,12200413
52.62659865_13.2364886077732,12400618
52.6090608_13.3362019,12601032
52.5757996_13.2841708,12200413
52.5695417_13.3151968,12200309
52.5972241_13.3519308,12601134
52.5743873_13.3599872,12100103
52.5997873_13.2951955,12500824
52.6229011_13.3059895,12400723
52.6393547_13.2919234,12400721
52.5910478_13.330346,12500926
52.5698794_13.3490634,12100205
52.61711115_13.339314460127202,12500929
52.6207167_13.3070663,12400723
52.5620051_13.3605771,12100204
52.6106_13.2474448,12400619
52.6418513_13.2967172,12400721
52.5981679_13.350493,12601134
52.6549081_13.2822057,12400721
52.6371691_13.3002498,12400721
52.6191875_13.3138903,12400723
52.60043485_13.21146454772898,12400617
52.5946316_13.3478519,12601236
52.5834555_13.3058205,12500825
52.63070505_13.299634946512434,12400721
52.57116_13.3758131,12100102
52.59192865_13.302001655660412,12500824
52.6101692_13.2479611,12400619
52.6181215_13.3128798,12400723
52.6088584_13.2152888,12400617
52.5877068_13.2775487,12200515
52.56494555_13.349948644223293,12100204
52.6079495_13.2141315,12400617
52.6319677_13.270627,12400720
52.5723467_13.3095656,12200310
52.5692196_13.3784816,12100102
52.5956197_13.3415595,12601236
52.586058_13.2803255,12200515
52.6193536_13.3104863,12400723
52.5989206_13.3245753,12500927
52.5691706_13.3085816,12200310
52.596545_13.2782288,12200515
52.5623817_13.356928,12100204
52.5704221_13.3732172,12100102
52.573428_13.3761325,12100102
52.5710058_13.231580423306458,12400616
52.5922701_13.32544267502994,12500927
52.5963028_13.3532425,12601235
52.5505545_13.269744114687969,12200414
52.5759591_13.2764992,12200413
52.6093131_13.2859785,12400722
52.6002923_13.3329535,12601031
52.61652325_13.314647410864978,12400723
52.607427_13.2296932,12400617
52.5684913_13.3215093,12200309
52.5741474_13.3741122,12100103
52.5961687_13.3431177,12601236
52.6241872_13.3119816,12400723
52.5663439_13.343040456097176,12100204
52.6133967_13.2399584,12400619
52.5955033_13.2835887,12200515
52.6029579_13.3624807,12601133
52.6385684_13.3034387,12400721
52.6301083_13.2868758,12400720
52.5710781_13.3230856,12200308
52.6094016_13.3161861,12500928
52.5680837_13.3569877,12100204
52.5685722_13.3208792,12200309
52.6033899_13.3162059,12500928
52.5698602_13.326202,12200308
52.6059856_13.3201359,12500928
52.5893917_13.3363728,12500926
52.6113389_13.3174047,12500928
52.5954351_13.349397488230174,12601235
52.5646284_13.331773320153474,12100205
52.5744518_13.3552293,12100205
52.5918187_13.2812844,12200515
52.5936949_13.332919471946951,12500926
52.59079_13.285796587422391,12200515
52.5700842_13.3516298,12100205
52.5686417_13.3681794,12100102
52.5621712_13.3576691,12100204
52.6234057_13.3129405,12400723
52.5737444_13.3583103,12100205
52.5921536_13.2910815,12500824
52.5685153_13.3105431,12200310
52.5920184_13.2953177,12500824
52.56717_13.3161178,12200309
52.6080534_13.3684997,12500929
52.6030692_13.23676246197725,12400619
52.5716042_13.3130872,12200310
52.5696148_13.311425,12200310
52.5925114_13.350475554592968,12601236
52.5723612_13.3119616,12200310
52.5701014_13.3507661,12100205
52.59392065_13.277943684957703,12200515
52.5676835_13.3304151,12100205
52.5902602_13.3344592,12500926
52.572045_13.3136296,12200308
52.58382925_13.303594319144144,12500825
52.6023889_13.3597094,12601134
52.563943_13.3304105,12100205
52.566476_13.3189696,12200309
52.6039356_13.3308715,12601031
52.5702235_13.3504017,12100205
52.6070268_13.3183914,12500928
52.5840201_13.304008653906244,12500825
52.5660765_13.3173494,12200309
52.6019518_13.3217509,12500927
52.6105916_13.3146312,12500928
52.5732934_13.3596408,12100103
52.5996753_13.351991430365857,12601134
52.6044383_13.3093599,12500928
52.6086534_13.3473171,12500929
52.60372945_13.357563979999624,12601134
52.60440455_13.360457725920243,12601134
52.5744098_13.3145259,12200308
52.56442015_13.316774713056926,12200411
52.5754322_13.3303066,12200307
52.6062259_13.34198100341994,12601031
52.5680529_13.3459337,12100205
52.5728741_13.3318777,12100206
52.5175993_13.4119798,01100310
52.4855611_13.3752221,02200209
52.5566371_13.4409081,03500932
52.6018622_13.4607815,03300514
52.4764967_13.3615369,07200412
52.3907924_13.4114039,07601545
52.4089211_13.3901742,07601442
52.4181489_13.4431367,08200833
52.4634618_13.4340295,08100209
52.4066603_13.5628018,09301024
52.4531125_13.5385633,09200613
52.528343_13.607827554885064,10200525
52.5369534_13.6200549,10200524
52.5007287_13.4693549,11501238
52.5721378_13.313189,12200310
52.5706841_13.3620592,12100103
52.5219399_13.4377808,02400521
52.421356200000005_13.535368816463665,09300920
52.4852755_13.5801014,10400837
52.5381981_13.5072322,11200515
52.6081649_13.25961051778656,12400618
